,II.,II.,III.A,III.A,III.B,III.B,III.B,IV.A.1,IV.A.2,IV.A.3,IV.B.1,IV.B.2,IV.B.3,IV.B.4,IV.C.1,IV.C.3,IV.C.3,IV.C.3,IV.C.4,IV.C.4,IV.C.5,IV.D.1,IV.D.1,IV.D.2,IV.D.3,IV.B.2,IV.B.2,IV.C.1,IV.C.2,IV.C.3,IV.C.3,IV.C.3,IV.C.4,IV.C.4,IV.C.5,IV.C.5,IV.D.1,IV.D.1,IV.D.2,IV.D.3,IV.B.3,IV.B.3,IV.C.1,IV.C.2,IV.C.3,IV.C.3,IV.C.3,IV.C.4,IV.C.4,IV.C.5,IV.C.5,IV.C.6,IV.C.6,IV.D.1,IV.D.1,IV.D.2,IV.D.3,IV.D.4,IV.B.4,IV.B.4,IV.C.1,IV.C.2,IV.C.3,IV.C.3,IV.C.3,IV.C.4,IV.C.4,IV.C.5,IV.C.5,IV.C.6,IV.C.6,IV.D.1,IV.D.1,IV.D.2,IV.D.3,IV.D.4,IV.D.5,IV.B.5.,IV.B.5.,,IV.C.1,IV.C.2,IV.C.5,IV.C.5,IV.C.6,IV.C.6,IV.D.3,IV.D.4,IV.D.5,IV.B.6.,IV.B.6.,IV.B.6.,IV.B.6.,IV.B.6.,IV.C.1,IV.C.5,IV.C.6,IV.D.3,IV.D.3,IV.D.4,IV.B.7.,IV.B.7.,IV.C.1,IV.C.2,IV.D.5,IV.,V.A
State,Jurisdiction,County,Abbreviated District Name,Full District Name,District Mapped,District Mapped But Extinct,Overlay,Type of Zoning District,Affordable Housing District,Elderly Housing District,1-Family Treatment,2-Family Treatment,3-Family Treatment,4+-Family Treatment,1-Family Min. Lot (ACRES),1-Family Front Setback (# of feet),1-Family Side Setback (# of feet) ,1-Family Rear Setback (# of feet) ,1-Family Max. Lot Coverage - Buildings (%),1-Family Max. Lot Coverage - Buildings & Impervious Surface (%),1-Family Min. # Parking Spaces,1-Family Max. Height (# of stories),1-Family Max. Height (# of feet),1-Family Floor to Area Ratio,1-Family Min. Unit Size (SF),2-Family Affordable Housing Only,2-Family Elderly Housing Only,2-Family Min. Lot (ACRES),2-Family Max. Density (UNITS/ACRE),2-Family Front Setback (# of feet),2-Family Side Setback (# of feet) ,2-Family Rear Setback (# of feet) ,2-Family Max. Lot Coverage - Buildings (%),2-Family Max. Lot Coverage - Buildings & Impervious Surface (%),2-Family Min. # Parking Spaces Per Studio or 1BR,2-Family Min. # Parking Spaces Per 2+ BR,2-Family Max. Height (# of stories),2-Family Max. Height (# of feet),2-Family Floor to Area Ratio,2-Family Min. Unit Size (SF),3-Family Affordable Housing Only,3-Family Elderly Housing Only,3-Family Min. Lot (ACRES),3-Family Max. Density (UNITS/ACRE),3-Family Front Setback (# of feet),3-Family Side Setback (# of feet) ,3-Family Rear Setback (# of feet) ,3-Family Max. Lot Coverage - Buildings (%),3-Family Max. Lot Coverage - Buildings & Impervious Surface (%),3-Family Min. # Parking Spaces Per Studio or 1BR,3-Family Min. # Parking Spaces Per 2+ BR,3-Family Connection to Sewer and/or Water Required,3-Family Connection or Proximity to Public Transit Required,3-Family Max. Height (# of stories),3-Family Max. Height (# of feet),3-Family Floor to Area Ratio,3-Family Min. Unit Size (SF),3-Family Max. # Bedrooms Per Unit,4+-Family Affordable Housing Only,4+-Family Elderly Housing Only,4+-Family Min. Lot (ACRES),4+-Family Max. Density (UNITS/ACRE),4+-Family Front Setback (# of feet),4+-Family Side Setback (# of feet) ,4+-Family Rear Setback (# of feet) ,4+-Family Max. Lot Coverage - Buildings (%),4+-Family Max. Lot Coverage - Buildings & Impervious Surface (%),4+-Family Min. # Parking Spaces Per Studio or 1BR,4+-Family Min. # Parking Spaces Per 2+ BR,4+-Family Connection to Sewer and/or Water Required,4+-Family Connection or Proximity to Public Transit Required,4+-Family Max. Height (# of stories),4+-Family Max. Height (# of feet),4+-Family Floor to Area Ratio,4+-Family Min. Unit Size (SF),4+-Family Max. # Bedrooms Per Unit,4+-Family Max. # Units Per Building,Affordable Housing (AH) Treatment,AH - Definition,AH - Elderly Housing Only,AH Min. Lot (ACRES),AH Max. Density (UNITS/ACRE),AH Min. # Parking Spaces Per Studio or 1BR,AH Min. # Parking Spaces Per 2+ BR,AH Connection to Sewer and/or Water Required,AH Connection or Proximity to Public Transit Required,AH Min. Unit Size (SF),AH Max. # Bedrooms Per Unit,AH Max. # Units Per  Building,Accessory Dwelling Unit (ADU) Treatment,ADU Employee or Family Occupancy Required,ADU Renter Occupancy Prohibited,ADU Owner Occupancy Required,ADU Elderly Housing Only,ADU Min. Lot (acres),ADU Min. # Parking Spaces (Additional to Main Unit),"ADU Restricted to Only Primary Structure (i.e., No Outbuildings like Garages)",ADU Max. Size (% of Main Unit),ADU Max. Size (SF),ADU Max. # Bedrooms Per Unit,Planned Residential Development (PRD) Treatment,Mobile or Manufactured Home Park (Y/N),PRD Min. Lot (Acres),PRD Max. Density (Units/Acre),PRD Max. # Units Per Development,Special Notes,Tooltip Notes
HI,Honolulu,Honolulu,P-1,Preservation - Restricted,Yes,No,No,Nonresidential,No,No,Prohibited,Prohibited,Prohibited,Prohibited,,,,,,,,,,,,No,No,,,,,,,,,,,,,,No,No,,,,,,,,,,,,,,,,,No,No,,,,,,,,,,,,,,,,,,Not Mentioned,,,,,,,,,,,,Prohibited,,,,,N/A,N/A,,,N/A,,,,,,,,
HI,Honolulu,Honolulu,F-1,Preservation - Military and federal,Yes,No,No,Nonresidential,No,No,Prohibited,Prohibited,Prohibited,Prohibited,,,,,,,,,,,,No,No,,,,,,,,,,,,,,No,No,,,,,,,,,,,,,,,,,No,No,,,,,,,,,,,,,,,,,,Not Mentioned,,,,,,,,,,,,Prohibited,,,,,N/A,N/A,,,N/A,,,,,,,,
HI,Honolulu,Honolulu,P-2,Preservation - General,Yes,No,No,Nonresidential,No,No,Prohibited,Prohibited,Prohibited,Prohibited,,,,,,,,,,,,No,No,,,,,,,,,,,,,,No,No,,,,,,,,,,,,,,,,,No,No,,,,,,,,,,,,,,,,,,Not Mentioned,,,,,,,,,,,,Prohibited,,,,,N/A,N/A,,,N/A,,,,,,,,
HI,Honolulu,Honolulu,AG-1,Agricultural - Restricted,Yes,No,No,Nonresidential,No,No,Prohibited,Prohibited,Prohibited,Prohibited,,,,,,,,,,,,No,No,,,,,,,,,,,,,,No,No,,,,,,,,,,,,,,,,,No,No,,,,,,,,,,,,,,,,,,Not Mentioned,,,,,,,,,,,,Prohibited,,,,,N/A,N/A,,,N/A,,,,,,,,
HI,Honolulu,Honolulu,AG-2,Agricultural - General,Yes,No,No,Nonresidential,No,No,Prohibited,Prohibited,Prohibited,Prohibited,,,,,,,,,,,,No,No,,,,,,,,,,,,,,No,No,,,,,,,,,,,,,,,,,No,No,,,,,,,,,,,,,,,,,,Not Mentioned,,,,,,,,,,,,Prohibited,,,,,N/A,N/A,,,N/A,,,,,,,,
HI,Honolulu,Honolulu,C,Country,Yes,No,No,Mixed with Residential,No,No,Allowed/Conditional,Allowed/Conditional,Prohibited,Prohibited,0.11,,,,,,"2 per unit up to 3,249 square feet
3 per unit from 3,250 to 3,999 square feet
4 per unit from 4,000 to 4,749 square feet
1 additional for each 750 square feet over 4,000 square feet",,,,,No,No,,,,,,,,,,,,,,No,No,,,,,,,,,,,,,,,,,No,No,,,,,,,,,,,,,,,,,,Not Mentioned,,,,,,,,,,,,Allowed/Conditional,,,,,3500,,,,400 / 800,,,,,,,,
HI,Honolulu,Honolulu,R-20,Residential,Yes,No,No,Primarily Residential,No,No,Allowed/Conditional,Allowed/Conditional,Prohibited,Prohibited,0,,,,50% of zoning area,75% of zoning area,"2 per unit up to 3,249 square feet
3 per unit from 3,250 to 3,999 square feet
4 per unit from 4,000 to 4,749 square feet
1 additional for each 750 square feet over 4,000 square feet",N/A,25-30 ft squared,0.6 / without extra standards needed,20000,No,No,1,,,,,50% of zoning area,75% of zoning area,"1 per 1,000sqft","1 per 1,000sqft",25-30,25-30 ft squared,0.6 / without extra standards needed,25000,No,No,,,,,,,,less than 600 ft. 1 less than 800 ft. 1.5 anything more 2,less than 600 ft. 1 less than 800 ft. 1.5 anything more 3,,,,,,,,No,No,,,,,,,,less than 600 ft. 1 less than 800 ft. 1.5 anything more 2,less than 600 ft. 1 less than 800 ft. 1.5 anything more 3,,,,,,,,,Not Mentioned,,,,,,,,,,,,Allowed/Conditional,,,,,3500,1,,,400 / 800,,,,,,,"RESIDENTIAL 1 per 1,000 square feet Dwellings; boarding facilities; consulates: group living facilities; hotels of private dwelling or lodging area, not including areas identified in (b)(2)(A)",
HI,Honolulu,Honolulu,R-10,Residential,Yes,No,No,Primarily Residential,No,No,Allowed/Conditional,Allowed/Conditional,Prohibited,Prohibited,0,,,,50% of zoning area,75% of zoning area,"2 per unit up to 3,249 square feet
3 per unit from 3,250 to 3,999 square feet
4 per unit from 4,000 to 4,749 square feet
1 additional for each 750 square feet over 4,000 square feet",N/A,25-30 ft squared,0.6 / without extra standards needed,10000,No,No,0,,,,,50% of zoning area,75% of zoning area,"1 per 1,000sqft","1 per 1,000sqft",25-30,25-30 ft squared,0.6 / without extra standards needed,15000,No,No,,,,,,,,less than 600 ft. 1 less than 800 ft. 1.5 anything more 3,less than 600 ft. 1 less than 800 ft. 1.5 anything more 4,,,,,,,,No,No,,,,,,,,less than 600 ft. 1 less than 800 ft. 1.5 anything more 3,less than 600 ft. 1 less than 800 ft. 1.5 anything more 4,,,,,,,,,Not Mentioned,,,,,,,,,,,,Allowed/Conditional,,,,,3500,1,,,400 / 800,,,,,,,"RESIDENTIAL 1 per 1,000 square feet Dwellings; boarding facilities; consulates: group living facilities; hotels of private dwelling or lodging area, not including areas identified in (b)(2)(A)",
HI,Honolulu,Honolulu,R-7.5,Residential,Yes,No,No,Primarily Residential,No,No,Allowed/Conditional,Allowed/Conditional,Prohibited,Prohibited,0,,,,50% of zoning area,75% of zoning area,"2 per unit up to 3,249 square feet
3 per unit from 3,250 to 3,999 square feet
4 per unit from 4,000 to 4,749 square feet
1 additional for each 750 square feet over 4,000 square feet",N/A,25-30 ft squared,0.6 / without extra standards needed,7500,No,No,0,,,,,50% of zoning area,75% of zoning area,"1 per 1,000sqft","1 per 1,000sqft",25-30,25-30 ft squared,0.6 / without extra standards needed,14000,No,No,,,,,,,,less than 600 ft. 1 less than 800 ft. 1.5 anything more 4,less than 600 ft. 1 less than 800 ft. 1.5 anything more 5,,,,,,,,No,No,,,,,,,,less than 600 ft. 1 less than 800 ft. 1.5 anything more 4,less than 600 ft. 1 less than 800 ft. 1.5 anything more 5,,,,,,,,,Not Mentioned,,,,,,,,,,,,Allowed/Conditional,,,,,3500,1,,,400 / 800,,,,,,,"RESIDENTIAL 1 per 1,000 square feet Dwellings; boarding facilities; consulates: group living facilities; hotels of private dwelling or lodging area, not including areas identified in (b)(2)(A)",
HI,Honolulu,Honolulu,R-5,Residential,Yes,No,No,Primarily Residential,No,No,Allowed/Conditional,Allowed/Conditional,Prohibited,Prohibited,0,,,,50% of zoning area,75% of zoning area,"2 per unit up to 3,249 square feet
3 per unit from 3,250 to 3,999 square feet
4 per unit from 4,000 to 4,749 square feet
1 additional for each 750 square feet over 4,000 square feet",N/A,25-30 ft squared,0.6 / without extra standards needed,5000,No,No,0,,,,,50% of zoning area,75% of zoning area,"1 per 1,000sqft","1 per 1,000sqft",25-30,25-30 ft squared,0.6 / without extra standards needed,7500,No,No,,,,,,,,less than 600 ft. 1 less than 800 ft. 1.5 anything more 5,less than 600 ft. 1 less than 800 ft. 1.5 anything more 6,,,,,,,,No,No,,,,,,,,less than 600 ft. 1 less than 800 ft. 1.5 anything more 5,less than 600 ft. 1 less than 800 ft. 1.5 anything more 6,,,,,,,,,Not Mentioned,,,,,,,,,,,,Allowed/Conditional,,,,,3500,1,,,400 / 800,,,,,,,"RESIDENTIAL 1 per 1,000 square feet Dwellings; boarding facilities; consulates: group living facilities; hotels of private dwelling or lodging area, not including areas identified in (b)(2)(A)",
HI,Honolulu,Honolulu,R-3.5,Residential,Yes,No,No,Primarily Residential,No,No,Allowed/Conditional,Allowed/Conditional,Prohibited,Prohibited,0,,,,50% of zoning area,75% of zoning area,"2 per unit up to 3,249 square feet
3 per unit from 3,250 to 3,999 square feet
4 per unit from 4,000 to 4,749 square feet
1 additional for each 750 square feet over 4,000 square feet",N/A,25-30 ft squared,0.6 / without extra standards needed,3500,No,No,0,,,,,50% of zoning area,75% of zoning area,"1 per 1,000sqft","1 per 1,000sqft",25-30,25-30 ft squared,0.6 / without extra standards needed,7000,No,No,,,,,,,,less than 600 ft. 1 less than 800 ft. 1.5 anything more 6,less than 600 ft. 1 less than 800 ft. 1.5 anything more 7,,,,,,,,No,No,,,,,,,,less than 600 ft. 1 less than 800 ft. 1.5 anything more 6,less than 600 ft. 1 less than 800 ft. 1.5 anything more 7,,,,,,,,,Not Mentioned,,,,,,,,,,,,Allowed/Conditional,,,,,3500,1,,,400 / 800,,,,,,,"RESIDENTIAL 1 per 1,000 square feet Dwellings; boarding facilities; consulates: group living facilities; hotels of private dwelling or lodging area, not including areas identified in (b)(2)(A)",
HI,Honolulu,Honolulu,A-1,Apartment - Low-density,Yes,No,No,Primarily Residential,No,No,Allowed/Conditional,Allowed/Conditional,Allowed/Conditional,Allowed/Conditional,0.11,,,,"60% if < 7,500 sqft
50% if 7,500 - 20,000 sqft
40% if > 20,000 sqft",None,"2 per unit up to 3,249 square feet
3 per unit from 3,250 to 3,999 square feet
4 per unit from 4,000 to 4,749 square feet
1 additional for each 750 square feet over 4,000 square feet",N/A,30,"Less than 10,000 FAR = (.00003 x lot area) + 0.3 10,000 - 40,000 FAR = (.00001 x lot area) + 0.5  Over 40,000  FAR = 0.9 ",,No,No,0.11,,,,,"60% if < 7,500 sqft
50% if 7,500 - 20,000 sqft
40% if > 20,000 sqft",None,None,TBD - Discrepancy,,30,"Less than 10,000 FAR = (.00003 x lot area) + 0.3 10,000 - 40,000 FAR = (.00001 x lot area) + 0.5  Over 40,000  FAR = 0.9 ",,No,No,0.17,,,,,TBD - Discrepancy,,,TBD - Discrepancy,,,,30,"Less than 10,000 FAR = (.00003 x lot area) + 0.3 10,000 - 40,000 FAR = (.00001 x lot area) + 0.5  Over 40,000  FAR = 0.9 ",,,No,No,0.17,"Lot area (sq. ft.) Less than 10,000 10,000 - 40,000 Over 40,000 FAR calculation FAR = (.00003 x lot area) + 0.3 FAR = (.00001 x lot area) + 0.5 FAR = 0.9",,,,TBD - Discrepancy,TBD - Discrepancy,1 per 1000 sqft,1 per 1000 sqft,,,,30,"Less than 10,000 FAR = (.00003 x lot area) + 0.3 10,000 - 40,000 FAR = (.00001 x lot area) + 0.5  Over 40,000  FAR = 0.9 ",,,,Not Mentioned,,,,,,,,,,,,Prohibited,,,,,N/A,N/A,,,N/A,,,,,,,Special needs housing for the elderly - Conditional Use Permit-major subject to standards in Article 5; public hearing required,
HI,Honolulu,Honolulu,A-2,Apartment - Medium-density,Yes,No,No,Primarily Residential,No,No,Allowed/Conditional,Allowed/Conditional,Allowed/Conditional,Allowed/Conditional,0.23,,,,"60% if < 7,500 sqft
50% if 7,500 - 20,000 sqft
40% if > 20,000 sqft",None,"2 per unit up to 3,249 square feet
3 per unit from 3,250 to 3,999 square feet
4 per unit from 4,000 to 4,749 square feet
1 additional for each 750 square feet over 4,000 square feet",N/A,TBD - Discrepancy,"Less than 10,000 FAR = (.00003 x lot area) + 0.3 10,000 - 40,000 FAR = (.00001 x lot area) + 0.5  Over 40,000  FAR = 0.10",,No,No,0.23,,,,,"60% if < 7,500 sqft
50% if 7,500 - 20,000 sqft
40% if > 20,000 sqft",None,None,TBD - Discrepancy,,TBD - Discrepancy,"Less than 10,000 FAR = (.00003 x lot area) + 0.3 10,000 - 40,000 FAR = (.00001 x lot area) + 0.5  Over 40,000  FAR = 0.10",,No,No,0.23,,,,,TBD - Discrepancy,,,TBD - Discrepancy,,,,TBD - Discrepancy,"Less than 10,000 FAR = (.00003 x lot area) + 0.3 10,000 - 40,000 FAR = (.00001 x lot area) + 0.5  Over 40,000  FAR = 0.10",,,No,No,0.23,"Lot area (sq. ft.) Less than 10,000 10,000 - 40,000 Over 40,000 FAR calculation FAR = (.00009 x lot area) + 0.4 FAR = (.0000",,,,TBD - Discrepancy,TBD - Discrepancy,1 per 1000 sqft,1 per 1000 sqft,,,,Per Zoning Map,"Less than 10,000 FAR = (.00003 x lot area) + 0.3 10,000 - 40,000 FAR = (.00001 x lot area) + 0.5  Over 40,000  FAR = 0.10",,,,Not Mentioned,,,,,,,,,,,,Prohibited,,,,,N/A,N/A,,,N/A,,,,,,,Special needs housing for the elderly - Conditional Use Permit-major subject to standards in Article 5; public hearing required,
HI,Honolulu,Honolulu,A-3,Apartment - High-density,Yes,No,No,Primarily Residential,No,No,Allowed/Conditional,Allowed/Conditional,Allowed/Conditional,Allowed/Conditional,0.34,,,,"60% if < 7,500 sqft
50% if 7,500 - 20,000 sqft
40% if > 20,000 sqft",None,"2 per unit up to 3,249 square feet
3 per unit from 3,250 to 3,999 square feet
4 per unit from 4,000 to 4,749 square feet
1 additional for each 750 square feet over 4,000 square feet",N/A,TBD - Discrepancy,"Less than 10,000 FAR = (.00003 x lot area) + 0.3 10,000 - 40,000 FAR = (.00001 x lot area) + 0.5  Over 40,000  FAR = 0.11",,No,No,0.34,,,,,"60% if < 7,500 sqft
50% if 7,500 - 20,000 sqft
40% if > 20,000 sqft",None,None,TBD - Discrepancy,,TBD - Discrepancy,"Less than 10,000 FAR = (.00003 x lot area) + 0.3 10,000 - 40,000 FAR = (.00001 x lot area) + 0.5  Over 40,000  FAR = 0.11",,No,No,0.34,,,,,TBD - Discrepancy,,,TBD - Discrepancy,,,,TBD - Discrepancy,"Less than 10,000 FAR = (.00003 x lot area) + 0.3 10,000 - 40,000 FAR = (.00001 x lot area) + 0.5  Over 40,000  FAR = 0.11",,,No,No,0.34,,,,,TBD - Discrepancy,TBD - Discrepancy,1 per 1000 sqft,1 per 1000 sqft,,,,Per Zoning Map,"Less than 10,000 FAR = (.00003 x lot area) + 0.3 10,000 - 40,000 FAR = (.00001 x lot area) + 0.5  Over 40,000  FAR = 0.11",,,,Not Mentioned,,,,,,,,,,,,Prohibited,,,,,N/A,N/A,,,N/A,,,,,,,Special needs housing for the elderly - Conditional Use Permit-major subject to standards in Article 5; public hearing required,
HI,Honolulu,Honolulu,AMX-1,Apartment Mixed Use - Low-density,Yes,No,No,Mixed with Residential,No,No,Allowed/Conditional,Allowed/Conditional,Allowed/Conditional,Allowed/Conditional,0.17,,,,"60% if < 7,500 sqft
50% if 7,500 - 20,000 sqft
40% if > 20,000 sqft",None,"2 per unit up to 3,249 square feet
3 per unit from 3,250 to 3,999 square feet
4 per unit from 4,000 to 4,749 square feet
1 additional for each 750 square feet over 4,000 square feet",N/A,30,"Less than 10,000 FAR = (.00003 x lot area) + 0.3 10,000 - 40,000 FAR = (.00001 x lot area) + 0.5  Over 40,000  FAR = 0.12",,No,No,0.17,,,,,"60% if < 7,500 sqft
50% if 7,500 - 20,000 sqft
40% if > 20,000 sqft",None,None,TBD - Discrepancy,,30,"Less than 10,000 FAR = (.00003 x lot area) + 0.3 10,000 - 40,000 FAR = (.00001 x lot area) + 0.5  Over 40,000  FAR = 0.12",,No,No,0.23,,,,,TBD - Discrepancy,,,TBD - Discrepancy,,,,30,"Less than 10,000 FAR = (.00003 x lot area) + 0.3 10,000 - 40,000 FAR = (.00001 x lot area) + 0.5  Over 40,000  FAR = 0.12",,,No,No,0.17,"Lot area (sq. ft.) Less than 10,000 10,000 - 40,000 Over 40,000 FAR calculation FAR = (.00003 x lot area) + 0.3 FAR = (.00001 x lot area) + 0.5 FAR = 0.9",,,,TBD - Discrepancy,TBD - Discrepancy,1 per 1000 sqft,1 per 1000 sqft,,,,30,"Less than 10,000 FAR = (.00003 x lot area) + 0.3 10,000 - 40,000 FAR = (.00001 x lot area) + 0.5  Over 40,000  FAR = 0.12",,,,Not Mentioned,,,,,,,,,,,,Prohibited,,,,,N/A,N/A,,,N/A,,,,,,,Special needs housing for the elderly - Conditional Use Permit-major subject to standards in Article 5; public hearing required,
HI,Honolulu,Honolulu,AMX-2,Apartment Mixed Use - Medium-density,Yes,No,No,Mixed with Residential,No,No,Allowed/Conditional,Allowed/Conditional,Allowed/Conditional,Allowed/Conditional,0.23,,,,"60% if < 7,500 sqft
50% if 7,500 - 20,000 sqft
40% if > 20,000 sqft",None,"2 per unit up to 3,249 square feet
3 per unit from 3,250 to 3,999 square feet
4 per unit from 4,000 to 4,749 square feet
1 additional for each 750 square feet over 4,000 square feet",N/A,TBD - Discrepancy,"Less than 10,000 FAR = (.00003 x lot area) + 0.3 10,000 - 40,000 FAR = (.00001 x lot area) + 0.5  Over 40,000  FAR = 0.13",,No,No,0.23,,,,,"60% if < 7,500 sqft
50% if 7,500 - 20,000 sqft
40% if > 20,000 sqft",None,None,TBD - Discrepancy,,TBD - Discrepancy,"Less than 10,000 FAR = (.00003 x lot area) + 0.3 10,000 - 40,000 FAR = (.00001 x lot area) + 0.5  Over 40,000  FAR = 0.13",,No,No,0.23,,,,,TBD - Discrepancy,,,TBD - Discrepancy,,,,TBD - Discrepancy,"Less than 10,000 FAR = (.00003 x lot area) + 0.3 10,000 - 40,000 FAR = (.00001 x lot area) + 0.5  Over 40,000  FAR = 0.13",,,No,No,0.23,"Lot area (sq. ft.) Less than 10,000 10,000 - 40,000 Over 40,000 FAR calculation FAR = (.00009 x lot area) + 0.4 FAR = (.0000",,,,TBD - Discrepancy,TBD - Discrepancy,1 per 1000 sqft,1 per 1000 sqft,,,,Per Zoning Map,"Less than 10,000 FAR = (.00003 x lot area) + 0.3 10,000 - 40,000 FAR = (.00001 x lot area) + 0.5  Over 40,000  FAR = 0.13",,,,Not Mentioned,,,,,,,,,,,,Prohibited,,,,,N/A,N/A,,,N/A,,,,,,,Special needs housing for the elderly - Conditional Use Permit-major subject to standards in Article 5; public hearing required,
HI,Honolulu,Honolulu,AMX-3,Apartment Mixed Use - High-density,Yes,No,No,Mixed with Residential,No,No,Allowed/Conditional,Allowed/Conditional,Allowed/Conditional,Allowed/Conditional,0.34,,,,"60% if < 7,500 sqft
50% if 7,500 - 20,000 sqft
40% if > 20,000 sqft",None,"2 per unit up to 3,249 square feet
3 per unit from 3,250 to 3,999 square feet
4 per unit from 4,000 to 4,749 square feet
1 additional for each 750 square feet over 4,000 square feet",N/A,TBD - Discrepancy,"Less than 10,000 FAR = (.00003 x lot area) + 0.3 10,000 - 40,000 FAR = (.00001 x lot area) + 0.5  Over 40,000  FAR = 0.14",,No,No,0.34,,,,,"60% if < 7,500 sqft
50% if 7,500 - 20,000 sqft
40% if > 20,000 sqft",None,None,TBD - Discrepancy,,TBD - Discrepancy,"Less than 10,000 FAR = (.00003 x lot area) + 0.3 10,000 - 40,000 FAR = (.00001 x lot area) + 0.5  Over 40,000  FAR = 0.14",,No,No,0.34,,,,,TBD - Discrepancy,,,TBD - Discrepancy,,,,TBD - Discrepancy,"Less than 10,000 FAR = (.00003 x lot area) + 0.3 10,000 - 40,000 FAR = (.00001 x lot area) + 0.5  Over 40,000  FAR = 0.14",,,No,No,0.34,"Lot area (sq. ft.) Less than 10,000 10,000 - 20,000 20,000 - 40,000 Over 40,000 FAR calculation FAR = (.00014 x lot area) + 0.6 FAR = (.00004 x lot area) + 1.6 FAR = (.0000",,,,TBD - Discrepancy,TBD - Discrepancy,1 per 1000 sqft,1 per 1000 sqft,,,,Per Zoning Map,"Less than 10,000 FAR = (.00003 x lot area) + 0.3 10,000 - 40,000 FAR = (.00001 x lot area) + 0.5  Over 40,000  FAR = 0.14",,,,Not Mentioned,,,,,,,,,,,,Prohibited,,,,,N/A,N/A,,,N/A,,,,,,,Special needs housing for the elderly - Conditional Use Permit-major subject to standards in Article 5; public hearing required,
HI,Honolulu,Honolulu,Resort,Resort,Yes,No,No,Mixed with Residential,No,No,Allowed/Conditional,Allowed/Conditional,Allowed/Conditional,Allowed/Conditional,0.34,,,,50%,None,"2 per unit up to 3,249 square feet
3 per unit from 3,250 to 3,999 square feet
4 per unit from 4,000 to 4,749 square feet
1 additional for each 750 square feet over 4,000 square feet",,,TBD - Discrepancy,,No,No,0.34,,,,,50%,None,,,,,TBD - Discrepancy,,No,No,0.34,,,,,,,,,,,N/a,Per zoning map,"Lot area (sq. ft.)
Less than 10,000 10,000 - 30,000 Over 30,000
FAR calculation
FAR = (.00006 x lot area) + 0.4 FAR = (.00002 x lot area) + 0.8 FAR = 1.4",,,No,No,0.34,,,,,,,,,,,,,,,,,Not Mentioned,,,,,,,,,,,,Prohibited,,,,,N/A,N/A,,,N/A,,,,,,,,
HI,Honolulu,Honolulu,B-1,Business - Neighborhood,Yes,No,No,Nonresidential,No,No,Prohibited,Prohibited,Prohibited,Prohibited,,,,,,,,,,,,No,No,,,,,,,,,,,,,,No,No,0.11,,,,,,,,,,,N/a,40,1,,,No,No,,,,,,,,,,,,,,,,,,Not Mentioned,,,,,,,,,,,,Allowed/Conditional,,,,,N/A,N/A,,,N/A,,,,,,,,
HI,Honolulu,Honolulu,B-2,Business - Community,Yes,No,No,Nonresidential,No,No,Prohibited,Prohibited,Prohibited,Prohibited,,,,,,,,,,,,No,No,,,,,,,,,,,,,,No,No,0.11,,,,,,,,,,,N/a,Per zoning map,2.5,,,No,No,,,,,,,,,,,,,,,,,,Not Mentioned,,,,,,,,,,,,Allowed/Conditional,,,,,N/A,N/A,,,N/A,,,,,,,,
HI,Honolulu,Honolulu,BMX-3,Business Mixed Use - Community,Yes,No,No,Mixed with Residential,No,No,Allowed/Conditional,Allowed/Conditional,Allowed/Conditional,Allowed/Conditional,0.11,,,,None,None,"2 per unit up to 3,249 square feet
3 per unit from 3,250 to 3,999 square feet
4 per unit from 4,000 to 4,749 square feet
1 additional for each 750 square feet over 4,000 square feet",,,2.5,,No,No,0.11,,,,,None,,,,,,2.5,,No,No,0.11,,,,,,,,,,,N/a,Per zoning map,2.5,,,No,No,0.11,,,,,,,,,,,,,,,,,Not Mentioned,,,,,,,,,,,,Prohibited,,,,,N/A,N/A,,,N/A,,,,,,,,
HI,Honolulu,Honolulu,BMX-4,Business Mixed Use - Central,Yes,No,No,Mixed with Residential,No,No,Prohibited,Prohibited,Allowed/Conditional,Allowed/Conditional,,,,,,,,,,,,No,No,,,,,,,,,,,,,,No,No,0.11,,,,,,,1 per dwelling unit,,,,N/a,Per zoning map,4,,,No,No,0.11,,,,,,,1 per dwelling unit,,,,,,,,,,Not Mentioned,,,,,,,,,,,,Allowed/Conditional,,,,,N/A,N/A,,,N/A,,,,,,,,
HI,Honolulu,Honolulu,1-1,Industral - Limited,Yes,No,No,Nonresidential,No,No,Prohibited,Prohibited,Prohibited,Prohibited,,,,,,,,,,,,No,No,,,,,,,,,,,,,,No,No,,,,,,,,,,,,,,,,,No,No,,,,,,,,,,,,,,,,,,Not Mentioned,,,,,,,,,,,,Allowed/Conditional,,,,,N/A,N/A,,,N/A,,,,,,,,
HI,Honolulu,Honolulu,1-2,Industrial - Intensive,Yes,No,No,Nonresidential,No,No,Prohibited,Prohibited,Prohibited,Prohibited,,,,,,,,,,,,No,No,,,,,,,,,,,,,,No,No,,,,,,,,,,,,,,,,,No,No,,,,,,,,,,,,,,,,,,Not Mentioned,,,,,,,,,,,,Allowed/Conditional,,,,,N/A,N/A,,,N/A,,,,,,,,
HI,Honolulu,Honolulu,1-3,Industrial - Waterfront,Yes,No,No,Nonresidential,No,No,Prohibited,Prohibited,Prohibited,Prohibited,,,,,,,,,,,,No,No,,,,,,,,,,,,,,No,No,,,,,,,,,,,,,,,,,No,No,,,,,,,,,,,,,,,,,,Not Mentioned,,,,,,,,,,,,Allowed/Conditional,,,,,N/A,N/A,,,N/A,,,,,,,,
HI,Honolulu,Honolulu,IMX-1,Industrial-Commercial Mixed Use,Yes,No,No,Nonresidential,No,No,Prohibited,Prohibited,Prohibited,Prohibited,,,,,,,,,,,,No,No,,,,,,,,,,,,,,No,No,,,,,,,,,,,,,,,,,No,No,,,,,,,,,,,,,,,,,,Not Mentioned,,,,,,,,,,,,Allowed/Conditional,,,,,N/A,N/A,,,N/A,,,,,,,,
HI,Honolulu,Honolulu,Apart,Apartment Precinct (Waikiki Special District),Yes,Yes,,Mixed with Residential,Yes,No,Allowed/Conditional,Allowed/Conditional,Allowed/Conditional,Allowed/Conditional,0.17,,,,50%,,1 per dwelling or lodging unit,,,,,No,No,0.17,,,,,50%,,,,,,,,No,No,0.17,,,,,,,,,,,,,,,,No,No,0.17,,,,,,,,,,,,,,,,,Not Mentioned,,,,,,,,,,,,Allowed/Conditional,,,,,N/A,N/A,,,N/A,,,,,,,,
HI,Honolulu,Honolulu,ApartMix,Apartment Mixed Use Subprecinct (Waikiki Special District),Yes,Yes,,Mixed with Residential,No,No,Allowed/Conditional,Allowed/Conditional,Allowed/Conditional,Allowed/Conditional,0.17,,,,50%,,1 per dwelling or lodging unit,,,,,No,No,0.17,,,,,50%,,,,,,,,No,No,0.17,,,,,,,,,,,,,,,,No,No,0.17,,,,,,,,,,,,,,,,,Not Mentioned,,,,,,,,,,,,Allowed/Conditional,,,,,N/A,N/A,,,N/A,,,,,,,,
HI,Honolulu,Honolulu,Aloha,State Jurisdiction: Aloha Tower Project (Admin. by Aloha Tower Development Corp.),Yes,Yes,No,Nonresidential,No,No,Prohibited,Prohibited,Prohibited,Prohibited,,,,,,,,,,,,No,No,,,,,,,,,,,,,,No,No,,,,,,,,,,,,,,,,,No,No,,,,,,,,,,,,,,,,,,Not Mentioned,,,,,,,,,,,,,,,,,N/A,N/A,,,N/A,,,,,,,,
HI,Honolulu,Honolulu,I-1,I-1 Limited Industrial,Yes,No,No,Nonresidential,No,No,Prohibited,Prohibited,Prohibited,Prohibited,,,,,,,,,,,,No,No,,,,,,,,,,,,,,No,No,,,,,,,,,,,,,,,,,No,No,,,,,,,,,,,,,,,,,,Not Mentioned,,,,,,,,,,,,Allowed/Conditional,,,,,N/A,N/A,,,N/A,,,,,,,,
HI,Honolulu,Honolulu,I-2,I-2 Intensive Industrial,Yes,No,No,Nonresidential,No,No,Prohibited,Prohibited,Prohibited,Prohibited,,,,,,,,,,,,No,No,,,,,,,,,,,,,,No,No,,,,,,,,,,,,,,,,,No,No,,,,,,,,,,,,,,,,,,Not Mentioned,,,,,,,,,,,,Allowed/Conditional,,,,,N/A,N/A,,,N/A,,,,,,,,
HI,Honolulu,Honolulu,I-3,I-3 Waterfront Industrial,Yes,No,No,Nonresidential,No,No,Prohibited,Prohibited,Prohibited,Prohibited,,,,,,,,,,,,No,No,,,,,,,,,,,,,,No,No,,,,,,,,,,,,,,,,,No,No,,,,,,,,,,,,,,,,,,Not Mentioned,,,,,,,,,,,,Allowed/Conditional,,,,,N/A,N/A,,,N/A,,,,,,,,
HI,Honolulu,Honolulu,Kak,State Jurisdiction: Kakaako Community Development (Admin. by HCDA),Yes,Yes,No,Mixed with Residential,No,No,Allowed/Conditional,Allowed/Conditional,Allowed/Conditional,Allowed/Conditional,,,,,,,,,,,,No,No,,,,,,,,,,,,,,No,No,,,,,,,,,,,,,,,,,No,No,,,,,,,,,,,,,,,,,,Allowed/Conditional,,,,,,,,,,,,,,,,,N/A,N/A,,,N/A,,,,,,,,
HI,Honolulu,Honolulu,MU,Mixed Use Precinct (Kakaako Special Design District),Yes,Yes,No,Mixed with Residential,No,No,Allowed/Conditional,Allowed/Conditional,Allowed/Conditional,Allowed/Conditional,,,,,,,,,,,,No,No,,,,,,,,,,,,,,No,No,,,,,,,,,,,,,,,,,No,No,,,,,,,,,,,,,,,,,,Not Mentioned,,,,,,,,,,,,,,,,,N/A,N/A,,,N/A,,,,,,,,
HI,Honolulu,Honolulu,PU,Public Use Precinct (Kakaako Special Design District),Yes,Yes,No,Nonresidential,No,No,Prohibited,Prohibited,Prohibited,Prohibited,,,,,,,,,,,,No,No,,,,,,,,,,,,,,No,No,,,,,,,,,,,,,,,,,No,No,,,,,,,,,,,,,,,,,,Not Mentioned,,,,,,,,,,,,,,,,,N/A,N/A,,,N/A,,,,,,,,
HI,Honolulu,Honolulu,Pub,Public Precinct (Waikiki Special District),Yes,Yes,No,Nonresidential,No,No,Prohibited,Prohibited,Prohibited,Prohibited,,,,,,,,,,,,No,No,,,,,,,,,,,,,,No,No,,,,,,,,,,,,,,,,,No,No,,,,,,,,,,,,,,,,,,Not Mentioned,,,,,,,,,,,,,,,,,N/A,N/A,,,N/A,,,,,,,,
HI,Honolulu,Honolulu,ResMix,Resort Mixed Use Precinct (Waikiki Special District),Yes,Yes,No,Mixed with Residential,No,No,Allowed/Conditional,Allowed/Conditional,Allowed/Conditional,Allowed/Conditional,,,,,,,1 per dwelling or lodging unit,,,,,No,No,,,,,,,,,,,,,,No,No,,,,,,,,,,,,,,,,,No,No,,,,,,,,,,,,,,,,,,Not Mentioned,,,,,,,,,,,,Allowed/Conditional,,,,,N/A,N/A,,,N/A,,,,,,,,
HI,Honolulu,Honolulu,WI,Waterfront Industrial Precinct (Kakaako Special Design District),Yes,Yes,No,Nonresidential,No,No,Prohibited,Prohibited,Prohibited,Prohibited,,,,,,,,,,,,No,No,,,,,,,,,,,,,,No,No,,,,,,,,,,,,,,,,,No,No,,,,,,,,,,,,,,,,,,Not Mentioned,,,,,,,,,,,,,,,,,N/A,N/A,,,N/A,,,,,,,,
HI,Maui,Maui,BMF-MRA,Business Multi Family - MRA,Yes,No,No,Mixed with Residential,No,No,Allowed/Conditional,Allowed/Conditional,Allowed/Conditional,Allowed/Conditional,0.1,,,,,,,2,30,,,,,0.103,,,,,,,,,,,,,,,,,,,,,,,,,,,,,,,,,,,,,,,,,,,,,,,,,,,,,,,,,,,,,,Allowed/Conditional,,,,,,,,,,,,No,,,,,
HI,Maui,Maui,B-1,B-1 Business - Neighborhood,Yes,No,No,Mixed with Residential,No,No,Allowed/Conditional,Prohibited,Prohibited,Prohibited,0.14,,,,,,,2,30,,,No,No,N/A,N/A,,,,N/A,N/A,N/A,N/A,N/A,N/A,N/A,N/A,No,No,N/A,N/A,,,,N/A,N/A,N/A,N/A,No,No,N/A,N/A,N/A,N/A,N/A,No,No,N/A,N/A,,,,N/A,N/A,N/A,N/A,No,N/A,N/A,N/A,N/A,N/A,N/A,N/A,,,,,,,,,,,,,Allowed/Conditional,No,No,No,No,,,,,,,,No,,,,,
HI,Maui,Maui,B-2,B-2 Business-Community,Yes,No,No,Mixed with Residential,No,No,Allowed/Conditional,Allowed/Conditional,Allowed/Conditional,Allowed/Conditional,0.14,,,,,,,Not listed,90 OA height* (Located above or below the first floor of a permitted use),2,,No,No,0.14,,,,,,,,,,,2,,No,No,,,,,,,,,,,,,,2,,,No,No,,,,,,,,,,,,,,2,,,,,,,,,,,,,,,,Allowed/Conditional,No,No,No,No,,,,,,,,No,,,,,
HI,Maui,Maui,B-3,B-3 Business - Central District,Yes,No,No,Mixed with Residential,No,No,Allowed/Conditional,Allowed/Conditional,Allowed/Conditional,Allowed/Conditional,0.14,,,,,,,Not listed,"144 OA height * (One or more, located above or below the first floor of a permitted use)",4,,No,No,0.14,,,,,,,,,,,4,,No,No,,,,,,,,,,,,,,4,,,No,No,,,,,,,,,,,,,,4,,,,,,,,,,,,,,,,Allowed/Conditional,No,No,No,No,,,,,,,,No,,,,,
HI,Maui,Maui,B-CT,B-CT Business - Country Town,Yes,No,No,Mixed with Residential,No,No,Allowed/Conditional,Allowed/Conditional,Allowed/Conditional,Allowed/Conditional,0.14,,,,,,,2,35,,,No,No,0.14,,,,,,,,,,,,,No,No,,,,,,,,,,,,,,,,,,,,,,,,,,,,,,,,,,,,,,,,,,,,,,,,Allowed/Conditional,No,No,No,No,,,,,,,,No,,,,Residential Units allowed except on Lanai and Molokai.,
HI,Maui,Maui,BR,BR Business - Resort,Yes,No,No,Mixed with Residential,No,No,Allowed/Conditional,Allowed/Conditional,Allowed/Conditional,Allowed/Conditional,0.14,,,,,,,Not listed,35 * (Located above or below the first floor of a permitted use),,,No,No,0.14,,,,,,,,,,,,,No,No,,,,,,,,,,,,,,,,,No,No,,,,,,,,,,,,,,,,,,,,,,,,,,,,,,Allowed/Conditional,No,No,No,No,,,,,,,,No,,,,,
HI,Maui,Maui,CID,CID Napili Bay Civic Improvement District,Yes,No,No,Primarily Residential,No,No,Allowed/Conditional,Allowed/Conditional,Allowed/Conditional,Allowed/Conditional,0.14,,,,50%,50%,,2,30,50%,None,No,No,0.17,,,,,50%,50%,,,2,30,None,None,No,No,0.23,,,,,Inherited from A1 & a2,Inherited from A1 & a2,,,,,2,30,,,,No,No,0.23,,,,,,,,,,,2,30,,,,,,,,,,,,,,,,,Allowed/Conditional,No,No,No,No,,,,,,,,No,,,,"The permitted uses shall be as provided for in the hotel district and as listed in chapter 19.14 of this code, for any hotel or apartment-hotel use established by August 6, 2021, provided, that any permitted accessory use shall be an integral function of the hotel operation, and shall be operated by the management provided only for the convenience of the guests and shall not be an independent commercial venture. The permitted uses shall be as provided for in the residential and apartment districts as listed in chapters 19.08 and 19.12 of this title for any use established after August 6, 2021.",
HI,Maui,Maui,PD,PD Project District,Yes,No,,Primarily Residential,No,No,Allowed/Conditional,Prohibited,Prohibited,Prohibited,0.14,,,,,,,2,25,,,,,N/A,N/A,,,,N/A,N/A,N/A,N/A,N/A,N/A,N/A,N/A,No,No,N/A,N/A,,,,N/A,N/A,N/A,N/A,No,No,N/A,N/A,N/A,N/A,N/A,No,No,N/A,N/A,,,,N/A,N/A,N/A,N/A,No,No,N/A,N/A,N/A,N/A,N/A,N/A,,,,,,,,,,,,,Allowed/Conditional,,,,,,,,,,,,No,,,,,
HI,Maui,Maui,RES-MRA,Residential - MRA,Yes,No,,Primarily Residential,No,No,Allowed/Conditional,Allowed/Conditional,Allowed/Conditional,Allowed/Conditional,0.14,,,,,,,2,30,,,,,0.14,,,,,,,,,,,,,,,,,,,,,,,,,,,,,,,,,,,,,,,,,,,,,,,,,,,,,,,,,,,,,,Allowed/Conditional,,,,,,,,,,,,No,,,,,
HI,Maui,Maui,A-1,A-1 Apartment,Yes,No,No,Primarily Residential,No,No,Allowed/Conditional,Allowed/Conditional,Allowed/Conditional,Allowed/Conditional,0.23,,,,25,25,None,2,35,".4 for lots 3 acres or more
.5 for lots less than 3 acres",None,No,No,0.23,None,,,,25,25,None,None,,,".4 for lots 3 acres or more
.5 for lots less than 3 acres",,No,No,0.23,,,,,25,25,None,None,,,only height given,60,".4 for lots 3 acres or more
.5 for lots less than 3 acres",,,No,No,,,,,,25,25,None,None,,,,,".4 for lots 3 acres or more
.5 for lots less than 3 acres",,,,,,,,,,,,,,,,Allowed/Conditional,No,No,No,No,,,,,,,,No,,,,,
HI,Maui,Maui,A-2,A-2 Apartment,Yes,No,No,Primarily Residential,No,No,Allowed/Conditional,Allowed/Conditional,Allowed/Conditional,Allowed/Conditional,0.23,,,,35,35,None,2,35,0.9,,No,No,0.23,,,,,35,35,None,None,,,0.9,,No,No,0.23,,,,,35,35,None,None,,,only height given,60,0.9,,,No,No,,,,,,35,35,None,None,,,,,0.9,,,,,,,,,,,,,,,,Allowed/Conditional,No,No,No,No,,,,,,,,No,,,,,
HI,Maui,Maui,County rural,Rural District-Country Rural,No,No,,Mixed with Residential,No,No,Allowed/Conditional,Prohibited,Prohibited,Prohibited,0.5,,,,,,,2,30,,,No,No,N/A,N/A,,,,N/A,N/A,N/A,N/A,N/A,N/A,N/A,N/A,No,No,N/A,N/A,,,,N/A,N/A,N/A,N/A,No,No,N/A,N/A,N/A,N/A,N/A,No,No,N/A,N/A,,,,N/A,N/A,N/A,N/A,No,No,N/A,N/A,N/A,N/A,N/A,N/A,,,,,,,,,,,,,Allowed/Conditional,No,No,No,No,,,,,,,,No,,,,,
HI,Maui,Maui,RU-0.5,RU-0.5 Rural - 1/2 Acre,Yes,No,,Mixed with Residential,No,No,Allowed/Conditional,Prohibited,Prohibited,Prohibited,0.5,,,,,,,2,30,,,No,No,N/A,N/A,,,,N/A,N/A,N/A,N/A,N/A,N/A,N/A,N/A,No,No,N/A,N/A,,,,N/A,N/A,N/A,N/A,No,No,N/A,N/A,N/A,N/A,N/A,No,No,N/A,N/A,,,,N/A,N/A,N/A,N/A,No,No,N/A,N/A,N/A,N/A,N/A,N/A,,,,,,,,,,,,,Allowed/Conditional,No,No,No,No,,,,,,,,No,,,,,
HI,Maui,Maui,RU-1.0,RU-1.0 Rural - 1 Acre,Yes,No,,Mixed with Residential,No,No,Allowed/Conditional,Prohibited,Prohibited,Prohibited,1,,,,,,,2,30,,,No,No,N/A,N/A,,,,N/A,N/A,N/A,N/A,N/A,N/A,N/A,N/A,No,No,N/A,N/A,,,,N/A,N/A,N/A,N/A,No,No,N/A,N/A,N/A,N/A,N/A,No,No,N/A,N/A,,,,N/A,N/A,N/A,N/A,No,No,N/A,N/A,N/A,N/A,N/A,N/A,,,,,,,,,,,,,Allowed/Conditional,No,No,No,No,,,,,,,,No,,,,,
HI,Maui,Maui,RU-2,RU-2.0 Rural - 2 Acre,No,No,,Mixed with Residential,No,No,Allowed/Conditional,Prohibited,Prohibited,Prohibited,2,,,,,,,2,30,,,No,No,N/A,N/A,,,,N/A,N/A,N/A,N/A,N/A,N/A,N/A,N/A,No,No,N/A,N/A,,,,N/A,N/A,N/A,N/A,No,No,N/A,N/A,N/A,N/A,N/A,No,No,N/A,N/A,,,,N/A,N/A,N/A,N/A,No,No,N/A,N/A,N/A,N/A,N/A,N/A,,,,,,,,,,,,,Allowed/Conditional,No,No,No,No,,,,,,,,No,,,,,
HI,Maui,Maui,RU-5,RU-5.0 Rural - 5 Acre,No,No,,Mixed with Residential,No,No,Allowed/Conditional,Prohibited,Prohibited,Prohibited,5,,,,,,,2,30,,,No,No,N/A,N/A,,,,N/A,N/A,N/A,N/A,N/A,N/A,N/A,N/A,No,No,N/A,N/A,,,,N/A,N/A,N/A,N/A,No,No,N/A,N/A,N/A,N/A,N/A,No,No,N/A,N/A,,,,N/A,N/A,N/A,N/A,No,No,N/A,N/A,N/A,N/A,N/A,N/A,,,,,,,,,,,,,Allowed/Conditional,No,No,No,No,,,,,,,,No,,,,,
HI,Maui,Maui,RU-10,RU-10.0 Rural - 10 Acre,No,No,,Mixed with Residential,No,No,Allowed/Conditional,Prohibited,Prohibited,Prohibited,10,,,,,,,2,30,,,No,No,N/A,N/A,,,,N/A,N/A,N/A,N/A,N/A,N/A,N/A,N/A,No,No,N/A,N/A,,,,N/A,N/A,N/A,N/A,No,No,N/A,N/A,N/A,N/A,N/A,No,No,N/A,N/A,,,,N/A,N/A,N/A,N/A,No,No,N/A,N/A,N/A,N/A,N/A,N/A,,,,,,,,,,,,,Allowed/Conditional,No,No,No,No,,,,,,,,No,,,,,
HI,Maui,Maui,MRTP,MRTP Maui Research and Technology Park District,Yes,No,,Mixed with Residential,No,No,Allowed/Conditional,Allowed/Conditional,Allowed/Conditional,Allowed/Conditional,,,,,,40%,,2,30,,,No,No,0.103,,,,,,,,,,,,,No,No,0.05,,,,,,,,,,,3,40,,,,No,No,0.06,,,,,,,,,,,3,40,,,,,,,,,,,,,,,,,Allowed/Conditional,No,No,No,No,,,,,600,,,No,,,,"Residential Uses Notes and exeptions: *Provided that such building(s) in the employment/campus and civic districts are associated with a permitted educational institution at the Maui Research & Technology Park and used to house staff, faculty, students and/or campus visitors of such educational institution. -- **Multiple types of single family buildings allowed (e.g. townhome, single family green court, single family small lot, single family large lot) ",
HI,Maui,Maui,HD-1,HD-1 Historic District 1,Yes,No,,Mixed with Residential,No,No,Allowed/Conditional,Allowed/Conditional,Prohibited,Prohibited,0.17,,,,,,,2,30,,,,,,,,,,,,,,,,,,,,N/A,N/A,,,,N/A,N/A,N/A,N/A,No,No,N/A,N/A,N/A,N/A,N/A,No,No,N/A,N/A,,,,N/A,N/A,N/A,N/A,No,No,N/A,N/A,N/A,N/A,N/A,N/A,,,,,,,,,,,,,Allowed/Conditional,,,,,,,,,500,,,No,,,,,
HI,Maui,Maui,HD-2,HD-2 Historic District 2,Yes,No,,Mixed with Residential,No,No,Allowed/Conditional,Allowed/Conditional,Prohibited,Prohibited,0.17,,,,,,,2,30,,,,,,,,,,,,,,,,,,,,N/A,N/A,,,,N/A,N/A,N/A,N/A,No,No,N/A,N/A,N/A,N/A,N/A,No,No,N/A,N/A,,,,N/A,N/A,N/A,N/A,No,No,N/A,N/A,N/A,N/A,N/A,N/A,,,,,,,,,,,,,Allowed/Conditional,,,,,,,,,500,,,No,,,,,
HI,Maui,Maui,HD-3,HD-3 Historic District 3,Yes,No,,Mixed with Residential,No,No,Allowed/Conditional,Allowed/Conditional,Prohibited,Prohibited,0.23,,,,,,,2,35,,,,,,,,,,,,,,,,,,,,N/A,N/A,,,,N/A,N/A,N/A,N/A,No,No,N/A,N/A,N/A,N/A,N/A,No,No,N/A,N/A,,,,N/A,N/A,N/A,N/A,No,No,N/A,N/A,N/A,N/A,N/A,N/A,,,,,,,,,,,,,Allowed/Conditional,,,,,,,,,400,,,No,,,,,
HI,Maui,Maui,R-0,R-0 Residential,Yes,No,No,Primarily Residential,No,No,Allowed/Conditional,Prohibited,Prohibited,Prohibited,0.06,10,Access yard(non zero line) 15,,,,None,2,30,None,None,No,No,N/A,N/A,N/A,N/A,N/A,N/A,N/A,N/A,N/A,N/A,N/A,N/A,N/A,No,No,N/A,N/A,,,,N/A,N/A,N/A,N/A,No,No,N/A,N/A,N/A,N/A,N/A,No,No,N/A,N/A,,,,N/A,N/A,N/A,N/A,No,No,N/A,N/A,N/A,N/A,N/A,N/A,Not Mentioned,None,No,N/A,N/A,N/A,N/A,No,No,N/A,N/A,N/A,Prohibited,No,No,No,No,N/A,N/A,No,N/A,N/A,N/A,,No,,,,R-0 applies to all of Maui County except the island of Molokai.,
HI,Maui,Maui,CMU-MRA,Commercial Mixed Use - MRA,Yes,No,,Mixed with Residential,No,No,Allowed/Conditional,Allowed/Conditional,Allowed/Conditional,Allowed/Conditional,0.1,,,,,,,2,30,,,,,0.103,,,,,,,,,,,,,,,,,,,,,,,,,,,,,,,,,,,,,,,,,,,,,,,,,,,,,,,,,,,,,,Allowed/Conditional,,,,,,,,,,,,No,,,,,
HI,Maui,Maui,MF-MRA,Multi Family - MRA,Yes,No,,Primarily Residential,No,No,Allowed/Conditional,Allowed/Conditional,Allowed/Conditional,Allowed/Conditional,0.1,,,,,,,2,30,,,,,0.103,,,,,,,,,,,,,,,,,,,,,,,,,,,,,,,,,,,,,,,,,,,,,,,,,,,,,,,,,,,,,,Allowed/Conditional,,,,,,,,,,,,No,,,,,
HI,Maui,Maui,SBR,SBR - Service Business Residential,Yes,No,,Mixed with Residential,No,No,Allowed/Conditional,Allowed/Conditional,Prohibited,Prohibited,0.14,,,,,,,Not listed,30,,,No,No,0.14,,,,,,,,,,,,,No,No,,,,,,,,,,,,,,,,,No,No,,,,,,,,,,,,,,,,,,,,,,,,,,,,,,Allowed/Conditional,No,No,No,No,,,,,,,,No,,,,,
HI,Maui,Maui,R-1,R-1 Residential,Yes,No,No,Primarily Residential,No,No,Allowed/Conditional,Allowed/Conditional,Allowed/Conditional,Allowed/Conditional,0.14,15,6 (10 for 2 story buildings),6 (10 for 2 story buildings),None,None,N/A,2,30,None,None,No,No,0.14,None,15,6 (10 for 2 story buildings),6 (10 for 2 story buildings),None,None,None,None,2,30,None,None,No,No,0.14,None,15,6 (10 for 2 story buildings),6 (10 for 2 story buildings),None,None,None,None,No,No,2,30,None,None,None,No,No,0.14,None,15,6 (10 for 2 story buildings),6 (10 for 2 story buildings),None,None,None,None,No,No,2,30,None,None,None,None,Allowed/Conditional,"Housing for low and moderate income families, operated by governmental or nonprofit organizations; provided that the normal dwelling unit density is not increased more than ten percent.",No,0.14,None,None,None,No,No,None,None,None,Allowed/Conditional,No,No,No,No,0.14 (6000),1,No,None,500,None,,No,,,,,
HI,Maui,Maui,UR,UR Urban Reserve,Yes,No,,Primarily Residential,No,No,Allowed/Conditional,Prohibited,Prohibited,Prohibited,0.14,,,,,,,2,30,,,,,,,,,,,,,,,,,,,,,,,,,,,,,,,,,,,,,,,,,,,,,,,,,,,,,,,,,,,,,,,,,,,Allowed/Conditional,,,,,,,,,,,Allowed/Conditional,No,3,,,This district is prohibited on Moloka'i,
HI,Maui,Maui,D-1,D-1 Duplex,Yes,No,No,Primarily Residential,No,No,Allowed/Conditional,Allowed/Conditional,Allowed/Conditional,Allowed/Conditional,0.17,15,6 (10 if building is above 1 story or 15 feet),20,None,None,None,2,35,None,None,No,No,0.17,None,15,6 (10 if building is above 1 story or 15 feet),20,None,None,None,None,2,35,None,None,No,No,0.17,None,15,6 (10 if building is above 1 story or 15 feet),20,None,None,None,None,No,No,2,35,None,None,None,No,No,0.17,None,15,6 (10 if building is above 1 story or 15 feet),20,None,None,None,None,No,No,2,35,None,N/A,N/A,N/A,Allowed/Conditional,"Housing for low and moderate income families, operated by governmental or nonprofit organizations; provided that the normal dwelling unit density is not increased more than ten percent.",No,0.17,None,None,None,No,No,None,None,None,Allowed/Conditional,No,No,No,No,N/A,N/A,No,None,600,None,,No,,,,,
HI,Maui,Maui,R-2,R-2 Residential,Yes,No,No,Primarily Residential,No,No,Allowed/Conditional,Allowed/Conditional,Allowed/Conditional,Allowed/Conditional,0.17,15,6 (10 for 2 story buildings),6 (10 for 2 story buildings),None,None,N/A,2,30,None,None,No,No,0.17,None,15,6 (10 for 2 story buildings),6 (10 for 2 story buildings),None,None,None,None,2,30,None,None,No,No,0.17,None,15,6 (10 for 2 story buildings),6 (10 for 2 story buildings),None,None,None,None,No,No,2,30,None,None,None,No,No,0.17,None,15,6 (10 for 2 story buildings),6 (10 for 2 story buildings),None,None,None,None,No,No,2,30,None,None,None,None,Allowed/Conditional,"Housing for low and moderate income families, operated by governmental or nonprofit organizations; provided that the normal dwelling unit density is not increased more than ten percent.",No,0.17,None,None,None,No,No,None,None,None,Allowed/Conditional,No,No,No,No,0.17(7500),1,No,None,600,None,,No,,,,,
HI,Maui,Maui,D-2,D-2 Duplex,Yes,No,No,Primarily Residential,No,No,Allowed/Conditional,Allowed/Conditional,Allowed/Conditional,Allowed/Conditional,0.23,15,6 (10 if building is above 1 story or 15 feet),20,None,None,None,2,35,None,None,No,No,0.23,None,15,6 (10 if building is above 1 story or 15 feet),20,None,None,None,None,2,35,None,None,No,No,0.23,None,15,6 (10 if building is above 1 story or 15 feet),20,None,None,None,None,No,No,2,35,None,None,None,No,No,0.23,None,15,6 (10 if building is above 1 story or 15 feet),20,None,None,None,None,No,No,2,35,None,N/A,N/A,N/A,Allowed/Conditional,"Housing for low and moderate income families, operated by governmental or nonprofit organizations; provided that the normal dwelling unit density is not increased more than ten percent.",No,0.23,None,None,None,No,No,None,None,None,Allowed/Conditional,No,No,No,No,N/A,N/A,None,None,720 (see note in IV. : 9),None,,No,,,,,
HI,Maui,Maui,H-1,H-1 Hotel,Yes,No,No,Mixed with Residential,No,No,Allowed/Conditional,Allowed/Conditional,Allowed/Conditional,Allowed/Conditional,0.23,,,,25,25,,2,35,0.5,,No,No,0.23,,,,,25,25,,,,,0.5,,No,No,,,,,,25,25,,,,,,,0.5,,,No,No,,,,,,25,25,,,,,,,0.5,,,,,,,,,,,,,,,,Allowed/Conditional,No,No,No,No,,,,,,,,No,,,,,
HI,Maui,Maui,R-3,R-3 Residential,Yes,No,No,Primarily Residential,No,No,Allowed/Conditional,Allowed/Conditional,Allowed/Conditional,Allowed/Conditional,0.23,15,6 (10 for 2 story buildings),6 (10 for 2 story buildings),None,None,N/A,2,30,None,None,No,No,0.23,None,15,6 (10 for 2 story buildings),6 (10 for 2 story buildings),None,None,None,None,2,30,None,None,No,No,0.23,None,15,6 (10 for 2 story buildings),6 (10 for 2 story buildings),None,None,None,None,,,2,30,None,None,None,No,No,0.23,None,15,6 (10 for 2 story buildings),6 (10 for 2 story buildings),None,None,None,None,No,No,2,30,None,None,None,None,Allowed/Conditional,"Housing for low and moderate income families, operated by governmental or nonprofit organizations; provided that the normal dwelling unit density is not increased more than ten percent.",No,0.23,None,None,None,No,No,None,None,None,Allowed/Conditional,No,No,No,No,0.23 (10000),1,No,None,720 (see note),None,,No,,,,"10,000 to 21,779        720 sq ft
21,780 to 43,559        840 sq ft
43,560 to 87,119        960 sq 
87,120 or more        1,200 sq ft",
HI,Maui,Maui,H-M,H-M Hotel,Yes,No,No,Mixed with Residential,No,No,Allowed/Conditional,Allowed/Conditional,Allowed/Conditional,Allowed/Conditional,0.34,,,,30,30,,2,35,1,,No,No,0.34,,,,,30,30,,,,,1,,No,No,,,,,,30,30,,,,,,,1,,,No,No,,,,,,30,30,,,,,,,1,,,,,,,,,,,,,,,,Allowed/Conditional,No,No,No,No,,,,,,,,No,,,,,
HI,Maui,Maui,H-2,H-2 Hotel,Yes,No,No,Mixed with Residential,No,No,Allowed/Conditional,Allowed/Conditional,Allowed/Conditional,Allowed/Conditional,0.46,,,,35,35,,2,35,1.5,,No,No,0.46,,,,,35,35,,,,,1.5,,No,No,,,,,,35,35,,,,,,,1.5,,,No,No,,,,,,35,35,,,,,,,1.5,,,,,,,,,,,,,,,,Allowed/Conditional,No,No,No,No,,,,,,,,No,,,,,
HI,Maui,Maui,AG,AG Agriculture,Yes,No,,Nonresidential,No,No,Prohibited,Prohibited,Prohibited,Prohibited,,,,,N/A,N/A,N/A,N/A,N/A,N/A,N/A,No,No,N/A,N/A,,,,N/A,N/A,N/A,N/A,N/A,N/A,N/A,N/A,No,No,N/A,N/A,,,,N/A,N/A,N/A,N/A,No,No,N/A,N/A,N/A,N/A,N/A,No,No,N/A,N/A,,,,N/A,N/A,N/A,N/A,No,No,N/A,N/A,N/A,N/A,N/A,N/A,,,,,,,,,,,,,Prohibited,,,,,,,,,,,Prohibited,No,,,,,
HI,Maui,Maui,AP,AP Airport,Yes,No,,Nonresidential,No,No,Prohibited,Prohibited,Prohibited,Prohibited,,,,,N/A,N/A,N/A,N/A,N/A,N/A,N/A,No,No,N/A,N/A,,,,N/A,N/A,N/A,N/A,N/A,N/A,N/A,N/A,No,No,N/A,N/A,,,,N/A,N/A,N/A,N/A,No,No,N/A,N/A,N/A,N/A,N/A,No,No,N/A,N/A,,,,N/A,N/A,N/A,N/A,No,No,N/A,N/A,N/A,N/A,N/A,N/A,,,,,,,,,,,,,Prohibited,,,,,,,,,,,Prohibited,No,,,,,
HI,Maui,Maui,GC,GC Golf Course,Yes,No,,Nonresidential,No,No,Prohibited,Prohibited,Prohibited,Prohibited,,,,,N/A,N/A,N/A,N/A,N/A,N/A,N/A,No,No,N/A,N/A,,,,N/A,N/A,N/A,N/A,N/A,N/A,N/A,N/A,No,No,N/A,N/A,,,,N/A,N/A,N/A,N/A,No,No,N/A,N/A,N/A,N/A,N/A,No,No,N/A,N/A,,,,N/A,N/A,N/A,N/A,No,No,N/A,N/A,N/A,N/A,N/A,N/A,,,,,,,,,,,,,Prohibited,,,,,,,,,,,Prohibited,No,,,,,
HI,Maui,Maui,INT,INT Interim,Yes,No,,Nonresidential,No,No,Prohibited,Prohibited,Prohibited,Prohibited,,,,,N/A,N/A,,N/A,N/A,N/A,N/A,No,No,N/A,N/A,,,,N/A,N/A,N/A,N/A,N/A,N/A,N/A,N/A,No,No,N/A,N/A,,,,N/A,N/A,N/A,N/A,No,No,N/A,N/A,N/A,N/A,N/A,No,No,N/A,N/A,,,,N/A,N/A,N/A,N/A,No,No,N/A,N/A,N/A,N/A,N/A,N/A,,,,,,,,,,,,,Allowed/Conditional,,,,,,,,,,,,No,,,,,
HI,Maui,Maui,KRTP,KRTP Kihei Research and Technology Park District,Yes,No,,Nonresidential,No,No,Prohibited,Prohibited,Prohibited,Prohibited,,,,,N/A,N/A,N/A,N/A,N/A,N/A,N/A,No,No,N/A,N/A,,,,N/A,N/A,N/A,N/A,N/A,N/A,N/A,N/A,No,No,N/A,N/A,,,,N/A,N/A,N/A,N/A,No,No,N/A,N/A,N/A,N/A,N/A,No,No,N/A,N/A,,,,N/A,N/A,N/A,N/A,No,No,N/A,N/A,N/A,N/A,N/A,N/A,,,,,,,,,,,,,Prohibited,,,,,,,,,,,Prohibited,No,,,,,
HI,Maui,Maui,M-1,M-1 Light Industrial,Yes,No,,Nonresidential,No,No,Prohibited,Prohibited,Prohibited,Prohibited,,,,,N/A,N/A,N/A,N/A,N/A,N/A,N/A,No,No,N/A,N/A,,,,N/A,N/A,N/A,N/A,N/A,N/A,N/A,N/A,No,No,N/A,N/A,,,,N/A,N/A,N/A,N/A,No,No,N/A,N/A,N/A,N/A,N/A,No,No,N/A,N/A,,,,N/A,N/A,N/A,N/A,No,No,N/A,N/A,N/A,N/A,N/A,N/A,,,,,,,,,,,,,Prohibited,,,,,,,,,,,Prohibited,No,,,,,
HI,Maui,Maui,M-2,M-2 Heavy Industrial,Yes,No,,Nonresidential,No,No,Prohibited,Prohibited,Prohibited,Prohibited,,,,,N/A,N/A,N/A,N/A,N/A,N/A,N/A,No,No,N/A,N/A,,,,N/A,N/A,N/A,N/A,N/A,N/A,N/A,N/A,No,No,N/A,N/A,,,,N/A,N/A,N/A,N/A,No,No,N/A,N/A,N/A,N/A,N/A,No,No,N/A,N/A,,,,N/A,N/A,N/A,N/A,No,No,N/A,N/A,N/A,N/A,N/A,N/A,,,,,,,,,,,,,Prohibited,,,,,,,,,,,Prohibited,No,,,,,
HI,Maui,Maui,M-3,M-3 Heavy Industrial,Yes,No,,Nonresidential,No,No,Prohibited,Prohibited,Prohibited,Prohibited,,,,,N/A,N/A,N/A,N/A,N/A,N/A,N/A,No,No,N/A,N/A,,,,N/A,N/A,N/A,N/A,N/A,N/A,N/A,N/A,No,No,N/A,N/A,,,,N/A,N/A,N/A,N/A,No,No,N/A,N/A,N/A,N/A,N/A,No,No,N/A,N/A,,,,N/A,N/A,N/A,N/A,No,No,N/A,N/A,N/A,N/A,N/A,N/A,,,,,,,,,,,,,Prohibited,,,,,,,,,,,Prohibited,No,,,,,
HI,Maui,Maui,OS-1,1-Open Space (Passive),Yes,No,,Nonresidential,No,No,Prohibited,Prohibited,Prohibited,Prohibited,,N/A,N/A,N/A,N/A,N/A,N/A,N/A,N/A,N/A,N/A,No,No,N/A,N/A,,,,N/A,N/A,N/A,N/A,N/A,N/A,N/A,N/A,No,No,N/A,N/A,,,,N/A,N/A,N/A,N/A,No,No,N/A,N/A,N/A,N/A,N/A,No,No,N/A,N/A,,,,N/A,N/A,N/A,N/A,No,No,N/A,N/A,N/A,N/A,N/A,N/A,,,,,,,,,,,,,Prohibited,,,,,N/A,N/A,,,,,Prohibited,No,,,,,
HI,Maui,Maui,OS-2,2-Open Space (Active),Yes,No,,Nonresidential,No,No,Prohibited,Prohibited,Prohibited,Prohibited,,N/A,N/A,N/A,N/A,N/A,N/A,N/A,N/A,N/A,N/A,No,No,N/A,N/A,,,,N/A,N/A,N/A,N/A,N/A,N/A,N/A,N/A,No,No,N/A,N/A,,,,N/A,N/A,N/A,N/A,No,No,N/A,N/A,N/A,N/A,N/A,No,No,N/A,N/A,,,,N/A,N/A,N/A,N/A,No,No,N/A,N/A,N/A,N/A,N/A,N/A,,,,,,,,,,,,,Prohibited,,,,,N/A,N/A,,,,,Prohibited,No,,,,,
HI,Maui,Maui,P-1,P-1 Public/Quasi-Public,Yes,No,,Nonresidential,No,No,Prohibited,Prohibited,Prohibited,Prohibited,,,,,N/A,N/A,N/A,N/A,N/A,N/A,N/A,No,No,N/A,N/A,,,,N/A,N/A,N/A,N/A,N/A,N/A,N/A,N/A,No,No,N/A,N/A,,,,N/A,N/A,N/A,N/A,No,No,N/A,N/A,N/A,N/A,N/A,No,No,N/A,N/A,,,,N/A,N/A,N/A,N/A,No,No,N/A,N/A,N/A,N/A,N/A,N/A,,,,,,,,,,,,,Prohibited,,,,,,,,,,,Prohibited,No,,,,,
HI,Maui,Maui,P-2,P-2 Public/Quasi-Public,Yes,No,,Nonresidential,No,No,Prohibited,Prohibited,Prohibited,Prohibited,,,,,N/A,N/A,N/A,N/A,N/A,N/A,N/A,No,No,N/A,N/A,,,,N/A,N/A,N/A,N/A,N/A,N/A,N/A,N/A,No,No,N/A,N/A,,,,N/A,N/A,N/A,N/A,No,No,N/A,N/A,N/A,N/A,N/A,No,No,N/A,N/A,,,,N/A,N/A,N/A,N/A,No,No,N/A,N/A,N/A,N/A,N/A,N/A,,,,,,,,,,,,,Prohibited,,,,,,,,,,,Prohibited,No,,,,,
HI,Maui,Maui,P/QP-MRA,Public/Quasi-Public - MRA,Yes,No,,Nonresidential,No,No,Prohibited,Prohibited,Prohibited,Prohibited,,,,,N/A,N/A,N/A,N/A,N/A,N/A,N/A,N/A,N/A,N/A,N/A,,,,N/A,N/A,N/A,N/A,N/A,N/A,N/A,N/A,No,No,N/A,N/A,,,,N/A,N/A,N/A,N/A,No,No,N/A,N/A,N/A,N/A,N/A,No,No,N/A,N/A,,,,N/A,N/A,N/A,N/A,No,N/A,N/A,N/A,N/A,N/A,N/A,N/A,,,,,,,,,,,,,Prohibited,,,,,,,,,,,Prohibited,No,,,,,
HI,Maui,Maui,PK,PK Park,Yes,No,,Nonresidential,No,No,Prohibited,Prohibited,Prohibited,Prohibited,,,,,N/A,N/A,N/A,N/A,,N/A,N/A,No,No,N/A,N/A,,,,N/A,N/A,N/A,N/A,N/A,N/A,N/A,N/A,No,No,N/A,N/A,,,,N/A,N/A,N/A,N/A,No,No,N/A,N/A,N/A,N/A,N/A,No,No,N/A,N/A,,,,N/A,N/A,N/A,N/A,No,No,N/A,N/A,N/A,N/A,N/A,N/A,,,,,,,,,,,,,Prohibited,,,,,,,,,,,Prohibited,No,,,,,
HI,Maui,Maui,CHD,Cluster Housing Developments,,,,,,,,,,,,,,,,,,,,,,,,,,,,,,,,,,,,,,,,,,,,,,,,,,,,,,,,,,,,,,,,,,,,,,,,,,,,,,,,,,,,,,,,,,,,,,,,,,No,,,,,
HI,Maui,Maui,Kihei-Makena PD2,Kihei-Makena Project District 2 (kihei gateway park project),,,,,,,,,,,,,,,,,,,,,,,,,,,,,,,,,,,,,,,,,,,,,,,,,,,,,,,,,,,,,,,,,,,,,,,,,,,,,,,,,,,,,,,,,,,,,,,,,,No,,,,,
HI,Maui,Maui,Kihei-Makena PD5,Kihei-Makena Project District 5,,,,,,,,,,,,,,,,,,,,,,,,,,,,,,,,,,,,,,,,,,,,,,,,,,,,,,,,,,,,,,,,,,,,,,,,,,,,,,,,,,,,,,,,,,,,,,,,,,No,,,,,
HI,Maui,Maui,Kihei-Makena PD8,Kihei-Makena Project District 8 (palauea),,,,,,,,,,,,,,,,,,,,,,,,,,,,,,,,,,,,,,,,,,,,,,,,,,,,,,,,,,,,,,,,,,,,,,,,,,,,,,,,,,,,,,,,,,,,,,,,,,No,,,,,
HI,Maui,Maui,Kihei-Makena PD9,kihei-Makena Project District 9 (wailea 670),,,,,,,,,,,,,,,,,,,,,,,,,,,,,,,,,,,,,,,,,,,,,,,,,,,,,,,,,,,,,,,,,,,,,,,,,,,,,,,,,,,,,,,,,,,,,,,,,,No,,,,,
HI,Maui,Maui,Lahaina PD1,Lahaina Project District 1 (Kapalua),,,,,,,,,,,,,,,,,,,,,,,,,,,,,,,,,,,,,,,,,,,,,,,,,,,,,,,,,,,,,,,,,,,,,,,,,,,,,,,,,,,,,,,,,,,,,,,,,,No,,,,,
HI,Maui,Maui,Lanai PD1,Lanai Project District 1 (Manele),,,,,,,,,,,,,,,,,,,,,,,,,,,,,,,,,,,,,,,,,,,,,,,,,,,,,,,,,,,,,,,,,,,,,,,,,,,,,,,,,,,,,,,,,,,,,,,,,,No,,,,,
HI,Maui,Maui,Lanai PD2,Lanai Project District 2 (Koele),,,,,,,,,,,,,,,,,,,,,,,,,,,,,,,,,,,,,,,,,,,,,,,,,,,,,,,,,,,,,,,,,,,,,,,,,,,,,,,,,,,,,,,,,,,,,,,,,,No,,,,,
HI,Maui,Maui,Makawao-Pukalani-Kula PD1,Makawao-Pukalani-Kula Project District 1 (Kula),,,,,,,,,,,,,,,,,,,,,,,,,,,,,,,,,,,,,,,,,,,,,,,,,,,,,,,,,,,,,,,,,,,,,,,,,,,,,,,,,,,,,,,,,,,,,,,,,,No,,,,,
HI,Maui,Maui,OSIS,Open Space Incentive System,,,,,,,,,,,,,,,,,,,,,,,,,,,,,,,,,,,,,,,,,,,,,,,,,,,,,,,,,,,,,,,,,,,,,,,,,,,,,,,,,,,,,,,,,,,,,,,,,,No,,,,"Discrepancy, bonus floor to area ratio",
HI,Maui,Maui,R-O Overlay, R-O Zero Lot Line Overlay District,,,Yes,,,,,,,,,,,,,,,,,,,,,,,,,,,,,,,,,,,,,,,,,,,,,,,,,,,,,,,,,,,,,,,,,,,,,,,,,,,,,,,,,,,,,,,,,,,,,,,No,,,,,
HI,Maui,Maui,URD,Urban Reserve District,,,,,,,,,,,,,,,,,,,,,,,,,,,,,,,,,,,,,,,,,,,,,,,,,,,,,,,,,,,,,,,,,,,,,,,,,,,,,,,,,,,,,,,,,,,,,,,,,,No,,,,,
HI,Maui,Maui,Waiale PD south,Waiale Project District south,,,,,,,,,,,,,,,,,,,,,,,,,,,,,,,,,,,,,,,,,,,,,,,,,,,,,,,,,,,,,,,,,,,,,,,,,,,,,,,,,,,,,,,,,,,,,,,,,,No,,,,,
HI,Maui,Maui,WCT,Waikapu Country Town District,,,,,,,,,,,,,,,,,,,,,,,,,,,,,,,,,,,,,,,,,,,,,,,,,,,,,,,,,,,,,,,,,,,,,,,,,,,,,,,,,,,,,,,,,,,,,,,,,,No,,,,,
HI,Maui,Maui,Wailuku-Kahului PD1,Wailuku-Kahului Project District 1 (maui lani),,,,,,,,,,,,,,,,,,,,,,,,,,,,,,,,,,,,,,,,,,,,,,,,,,,,,,,,,,,,,,,,,,,,,,,,,,,,,,,,,,,,,,,,,,,,,,,,,,No,,,,,
HI,Maui,Maui,Wailuku-Kahului PD2,Wailuku-Kahului Project District 2 (piihana),,,,,,,,,,,,,,,,,,,,,,,,,,,,,,,,,,,,,,,,,,,,,,,,,,,,,,,,,,,,,,,,,,,,,,,,,,,,,,,,,,,,,,,,,,,,,,,,,,No,,,,,
HI,Maui,Maui,Wailuku-Kahului PD3,Wailuku-Kahului Project District 3 (wailuku),,,,,,,,,,,,,,,,,,,,,,,,,,,,,,,,,,,,,,,,,,,,,,,,,,,,,,,,,,,,,,,,,,,,,,,,,,,,,,,,,,,,,,,,,,,,,,,,,,No,,,,,
HI,Maui,Maui,Wailuku-Kahului PD4,Wailuku-Kahului Project District 4 (waihe'e),,,,,,,,,,,,,,,,,,,,,,,,,,,,,,,,,,,,,,,,,,,,,,,,,,,,,,,,,,,,,,,,,,,,,,,,,,,,,,,,,,,,,,,,,,,,,,,,,,No,,,,,
HI,Maui,Maui,Wailuku-Kahului PD5,Wailuku-Kahului Project District 5 (maui tropical plantation),,,,,,,,,,,,,,,,,,,,,,,,,,,,,,,,,,,,,,,,,,,,,,,,,,,,,,,,,,,,,,,,,,,,,,,,,,,,,,,,,,,,,,,,,,,,,,,,,,No,,,,,
HI,Maui,Maui,West Maui PD2,West Maui Project District 2 (kapalua mauka),,,,,,,,,,,,,,,,,,,,,,,,,,,,,,,,,,,,,,,,,,,,,,,,,,,,,,,,,,,,,,,,,,,,,,,,,,,,,,,,,,,,,,,,,,,,,,,,,,No,,,,,
HI,Maui,Maui,West Maui PD3,West maui Project District 3 (kaanapali-north beach mauka),,,,,,,,,,,,,,,,,,,,,,,,,,,,,,,,,,,,,,,,,,,,,,,,,,,,,,,,,,,,,,,,,,,,,,,,,,,,,,,,,,,,,,,,,,,,,,,,,,No,,,,,
HI,Maui,Maui,West Maui PD5,West Maui Project District 5 (pulelehua),,,,,,,,,,,,,,,,,,,,,,,,,,,,,,,,,,,,,,,,,,,,,,,,,,,,,,,,,,,,,,,,,,,,,,,,,,,,,,,,,,,,,,,,,,,,,,,,,,No,,,,,
HI,Maui,Maui,H,H Hotel,,,,,,,,,,,,,,,,,,,,,,,,,,,,,,,,,,,,,,,,,,,,,,,,,,,,,,,,,,,,,,,,,,,,,,,,,,,,,,,,,,,,,,,,,,,,,,,,,,,,,,,
HI,Maui,Maui,OS,Open Space,,,,,,,,,,,,,,,,,,,,,,,,,,,,,,,,,,,,,,,,,,,,,,,,,,,,,,,,,,,,,,,,,,,,,,,,,,,,,,,,,,,,,,,,,,,,,,,,,,,,,,,
HI,Maui,Maui,OZ,OZ Open Zone,,,,,,,,,,,,,,,,,,,,,,,,,,,,,,,,,,,,,,,,,,,,,,,,,,,,,,,,,,,,,,,,,,,,,,,,,,,,,,,,,,,,,,,,,,,,,,,,,,,,,,,
HI,Maui,Maui,PK(GC),PK(GC) Park-Golf Course,,,,,,,,,,,,,,,,,,,,,,,,,,,,,,,,,,,,,,,,,,,,,,,,,,,,,,,,,,,,,,,,,,,,,,,,,,,,,,,,,,,,,,,,,,,,,,,,,,,,,,,
HI,Maui,Maui,R,R Rural,,,,,,,,,,,,,,,,,,,,,,,,,,,,,,,,,,,,,,,,,,,,,,,,,,,,,,,,,,,,,,,,,,,,,,,,,,,,,,,,,,,,,,,,,,,,,,,,,,,,,,,
HI,Hawaii,Hawaii,A-100a,Agricultural District - minimum 100 acres,Yes,,No,Mixed with Residential,No,No,Allowed/Conditional,Prohibited,Prohibited,Prohibited,5,30,20,30,,,None,,35,,,No,No,N/A,N/A,N/A,N/A,N/A,N/A,N/A,N/A,N/A,N/A,N/A,N/A,N/A,No,No,N/A,N/A,N/A,N/A,N/A,N/A,N/A,N/A,N/A,No,No,N/A,N/A,N/A,N/A,N/A,No,No,N/A,N/A,N/A,N/A,N/A,N/A,N/A,N/A,N/A,No,No,N/A,N/A,N/A,N/A,N/A,N/A,Prohibited,N/A,N/A,N/A,N/A,N/A,N/A,No,No,N/A,N/A,N/A,,,,,,,,,,,,,,,,,"For all Agricultural Districts Chapter 205 includes the following statement ""including clusters of single-family farm dwellings permitted within agricultural parks developed by the State""",
HI,Hawaii,Hawaii,A-10a,Agricultural District - minimum 10 acres,Yes,,No,Mixed with Residential,No,No,Allowed/Conditional,Prohibited,Prohibited,Prohibited,5,30,20,30,None,None,None,None,35,None,None,No,No,N/A,N/A,N/A,N/A,N/A,N/A,N/A,N/A,N/A,N/A,N/A,N/A,N/A,No,No,N/A,N/A,N/A,N/A,N/A,N/A,N/A,N/A,N/A,No,No,N/A,N/A,N/A,N/A,N/A,No,No,N/A,N/A,N/A,N/A,N/A,N/A,N/A,N/A,N/A,No,No,N/A,N/A,N/A,N/A,N/A,N/A,Prohibited,N/A,N/A,N/A,N/A,N/A,N/A,No,No,N/A,N/A,N/A,,,,,,,,,,,,,,,,,,
HI,Hawaii,Hawaii,A-1a,Agricultural District - minimum 1 acre,Yes,,No,Mixed with Residential,No,No,Allowed/Conditional,Prohibited,Prohibited,Prohibited,5,30,20,30,,,1,,35,,,No,No,N/A,N/A,N/A,N/A,N/A,N/A,N/A,N/A,N/A,N/A,N/A,N/A,N/A,No,No,N/A,N/A,N/A,N/A,N/A,N/A,N/A,N/A,N/A,No,No,N/A,N/A,N/A,N/A,N/A,No,No,N/A,N/A,N/A,N/A,N/A,N/A,N/A,N/A,N/A,No,No,N/A,N/A,N/A,N/A,N/A,N/A,Prohibited,N/A,N/A,N/A,N/A,N/A,N/A,No,No,N/A,N/A,N/A,,,,,,,,,,,,,,,,,,
HI,Hawaii,Hawaii,A-200a,Agricultural District - minimum 200 acres,Yes,,No,Mixed with Residential,No,No,Allowed/Conditional,Prohibited,Prohibited,Prohibited,5,30,20,30,,,1,,35,,,No,No,N/A,N/A,N/A,N/A,N/A,N/A,N/A,N/A,N/A,N/A,N/A,N/A,N/A,No,No,N/A,N/A,N/A,N/A,N/A,N/A,N/A,N/A,N/A,No,No,N/A,N/A,N/A,N/A,N/A,No,No,N/A,N/A,N/A,N/A,N/A,N/A,N/A,N/A,N/A,No,No,N/A,N/A,N/A,N/A,N/A,N/A,Prohibited,N/A,N/A,N/A,N/A,N/A,N/A,No,No,N/A,N/A,N/A,,,,,,,,,,,,,,,,,,
HI,Hawaii,Hawaii,A-20a,Agricultural District - minimum 20 acres,Yes,,No,Mixed with Residential,No,No,Allowed/Conditional,Prohibited,Prohibited,Prohibited,5,30,20,30,,,1,,35,,,No,No,N/A,N/A,N/A,N/A,N/A,N/A,N/A,N/A,N/A,N/A,N/A,N/A,N/A,No,No,N/A,N/A,N/A,N/A,N/A,N/A,N/A,N/A,N/A,No,No,N/A,N/A,N/A,N/A,N/A,No,No,N/A,N/A,N/A,N/A,N/A,N/A,N/A,N/A,N/A,No,No,N/A,N/A,N/A,N/A,N/A,N/A,Prohibited,N/A,N/A,N/A,N/A,N/A,N/A,No,No,N/A,N/A,N/A,,,,,,,,,,,,,,,,,,
HI,Hawaii,Hawaii,A-255a,Agricultural District - minimum  255 acres,Yes,,No,Mixed with Residential,No,No,Allowed/Conditional,Prohibited,Prohibited,Prohibited,5,30,20,30,,,1,,35,,,No,No,N/A,N/A,N/A,N/A,N/A,N/A,N/A,N/A,N/A,N/A,N/A,N/A,N/A,No,No,N/A,N/A,N/A,N/A,N/A,N/A,N/A,N/A,N/A,No,No,N/A,N/A,N/A,N/A,N/A,No,No,N/A,N/A,N/A,N/A,N/A,N/A,N/A,N/A,N/A,No,No,N/A,N/A,N/A,N/A,N/A,N/A,Prohibited,N/A,N/A,N/A,N/A,N/A,N/A,No,No,N/A,N/A,N/A,,,,,,,,,,,,,,,,,,
HI,Hawaii,Hawaii,A-2a,Agricultural District - minimum  2 acres,Yes,,No,Mixed with Residential,No,No,Allowed/Conditional,Prohibited,Prohibited,Prohibited,5,30,20,30,,,1,,35,,,No,No,N/A,N/A,N/A,N/A,N/A,N/A,N/A,N/A,N/A,N/A,N/A,N/A,N/A,No,No,N/A,N/A,N/A,N/A,N/A,N/A,N/A,N/A,N/A,No,No,N/A,N/A,N/A,N/A,N/A,No,No,N/A,N/A,N/A,N/A,N/A,N/A,N/A,N/A,N/A,No,No,N/A,N/A,N/A,N/A,N/A,N/A,Prohibited,N/A,N/A,N/A,N/A,N/A,N/A,No,No,N/A,N/A,N/A,,,,,,,,,,,,,,,,,,
HI,Hawaii,Hawaii,A-35a,Agricultural District - minimum 35 acres,Yes,,No,Mixed with Residential,No,No,Allowed/Conditional,Prohibited,Prohibited,Prohibited,5,30,20,30,,,1,,35,,,No,No,N/A,N/A,N/A,N/A,N/A,N/A,N/A,N/A,N/A,N/A,N/A,N/A,N/A,No,No,N/A,N/A,N/A,N/A,N/A,N/A,N/A,N/A,N/A,No,No,N/A,N/A,N/A,N/A,N/A,No,No,N/A,N/A,N/A,N/A,N/A,N/A,N/A,N/A,N/A,No,No,N/A,N/A,N/A,N/A,N/A,N/A,Prohibited,N/A,N/A,N/A,N/A,N/A,N/A,No,No,N/A,N/A,N/A,,,,,,,,,,,,,,,,,,
HI,Hawaii,Hawaii,A-3a,Agricultural District - minimum 3 acres,Yes,,No,Mixed with Residential,No,No,Allowed/Conditional,Prohibited,Prohibited,Prohibited,5,30,20,30,,,1,,35,,,No,No,N/A,N/A,N/A,N/A,N/A,N/A,N/A,N/A,N/A,N/A,N/A,N/A,N/A,No,No,N/A,N/A,N/A,N/A,N/A,N/A,N/A,N/A,N/A,No,No,N/A,N/A,N/A,N/A,N/A,No,No,N/A,N/A,N/A,N/A,N/A,N/A,N/A,N/A,N/A,No,No,N/A,N/A,N/A,N/A,N/A,N/A,Prohibited,N/A,N/A,N/A,N/A,N/A,N/A,No,No,N/A,N/A,N/A,,,,,,,,,,,,,,,,,,
HI,Hawaii,Hawaii,A-400a,Agricultural District - minimum 400 acres,Yes,,No,Mixed with Residential,No,No,Allowed/Conditional,Prohibited,Prohibited,Prohibited,5,30,20,30,,,1,,35,,,No,No,N/A,N/A,N/A,N/A,N/A,N/A,N/A,N/A,N/A,N/A,N/A,N/A,N/A,No,No,N/A,N/A,N/A,N/A,N/A,N/A,N/A,N/A,N/A,No,No,N/A,N/A,N/A,N/A,N/A,No,No,N/A,N/A,N/A,N/A,N/A,N/A,N/A,N/A,N/A,No,No,N/A,N/A,N/A,N/A,N/A,N/A,Prohibited,N/A,N/A,N/A,N/A,N/A,N/A,No,No,N/A,N/A,N/A,,,,,,,,,,,,,,,,,,
HI,Hawaii,Hawaii,A-40a,Agricultural District - minimum 40 acres,Yes,,No,Mixed with Residential,No,No,Allowed/Conditional,Prohibited,Prohibited,Prohibited,5,30,20,30,,,1,,35,,,No,No,N/A,N/A,N/A,N/A,N/A,N/A,N/A,N/A,N/A,N/A,N/A,N/A,N/A,No,No,N/A,N/A,N/A,N/A,N/A,N/A,N/A,N/A,N/A,No,No,N/A,N/A,N/A,N/A,N/A,No,No,N/A,N/A,N/A,N/A,N/A,N/A,N/A,N/A,N/A,No,No,N/A,N/A,N/A,N/A,N/A,N/A,Prohibited,N/A,N/A,N/A,N/A,N/A,N/A,No,No,N/A,N/A,N/A,,,,,,,,,,,,,,,,,,
HI,Hawaii,Hawaii,A-500a,Agricultural District - minimum 500 acres,Yes,,No,Mixed with Residential,No,No,Allowed/Conditional,Prohibited,Prohibited,Prohibited,5,30,20,30,,,1,,35,,,No,No,N/A,N/A,N/A,N/A,N/A,N/A,N/A,N/A,N/A,N/A,N/A,N/A,N/A,No,No,N/A,N/A,N/A,N/A,N/A,N/A,N/A,N/A,N/A,No,No,N/A,N/A,N/A,N/A,N/A,No,No,N/A,N/A,N/A,N/A,N/A,N/A,N/A,N/A,N/A,No,No,N/A,N/A,N/A,N/A,N/A,N/A,Prohibited,N/A,N/A,N/A,N/A,N/A,N/A,No,No,N/A,N/A,N/A,,,,,,,,,,,,,,,,,,
HI,Hawaii,Hawaii,A-5a,Agricultural District - minimum 5 acres,Yes,,No,Mixed with Residential,No,No,Allowed/Conditional,Prohibited,Prohibited,Prohibited,5,30,20,30,,,1,,35,,,No,No,N/A,N/A,N/A,N/A,N/A,N/A,N/A,N/A,N/A,N/A,N/A,N/A,N/A,No,No,N/A,N/A,N/A,N/A,N/A,N/A,N/A,N/A,N/A,No,No,N/A,N/A,N/A,N/A,N/A,No,No,N/A,N/A,N/A,N/A,N/A,N/A,N/A,N/A,N/A,No,No,N/A,N/A,N/A,N/A,N/A,N/A,Prohibited,N/A,N/A,N/A,N/A,N/A,N/A,No,No,N/A,N/A,N/A,,,,,,,,,,,,,,,,,,
HI,Hawaii,Hawaii,A-600a,Agricultural District - minimum 600 acres,Yes,,No,Mixed with Residential,No,No,Allowed/Conditional,Prohibited,Prohibited,Prohibited,5,30,20,30,,,1,,35,,,No,No,N/A,N/A,N/A,N/A,N/A,N/A,N/A,N/A,N/A,N/A,N/A,N/A,N/A,No,No,N/A,N/A,N/A,N/A,N/A,N/A,N/A,N/A,N/A,No,No,N/A,N/A,N/A,N/A,N/A,No,No,N/A,N/A,N/A,N/A,N/A,N/A,N/A,N/A,N/A,No,No,N/A,N/A,N/A,N/A,N/A,N/A,Prohibited,N/A,N/A,N/A,N/A,N/A,N/A,No,No,N/A,N/A,N/A,,,,,,,,,,,,,,,,,,
HI,Hawaii,Hawaii,A-6a,Agricultural District - minimum 6 acres,Yes,,No,Mixed with Residential,No,No,Allowed/Conditional,Prohibited,Prohibited,Prohibited,5,30,20,30,,,1,,35,,,No,No,N/A,N/A,N/A,N/A,N/A,N/A,N/A,N/A,N/A,N/A,N/A,N/A,N/A,No,No,N/A,N/A,N/A,N/A,N/A,N/A,N/A,N/A,N/A,No,No,N/A,N/A,N/A,N/A,N/A,No,No,N/A,N/A,N/A,N/A,N/A,N/A,N/A,N/A,N/A,No,No,N/A,N/A,N/A,N/A,N/A,N/A,Prohibited,N/A,N/A,N/A,N/A,N/A,N/A,No,No,N/A,N/A,N/A,,,,,,,,,,,,,,,,,,
HI,Hawaii,Hawaii,A-7a,Agricultural District - minimum 7 acres,Yes,,No,Mixed with Residential,No,No,Allowed/Conditional,Prohibited,Prohibited,Prohibited,5,30,20,30,,,1,,35,,,No,No,N/A,N/A,N/A,N/A,N/A,N/A,N/A,N/A,N/A,N/A,N/A,N/A,N/A,No,No,N/A,N/A,N/A,N/A,N/A,N/A,N/A,N/A,N/A,No,No,N/A,N/A,N/A,N/A,N/A,No,No,N/A,N/A,N/A,N/A,N/A,N/A,N/A,N/A,N/A,No,No,N/A,N/A,N/A,N/A,N/A,N/A,Prohibited,N/A,N/A,N/A,N/A,N/A,N/A,No,No,N/A,N/A,N/A,,,,,,,,,,,,,,,,,,
HI,Hawaii,Hawaii,A-8000a,Agricultural District - minimum 8000 acres,Yes,,No,Mixed with Residential,No,No,Allowed/Conditional,Prohibited,Prohibited,Prohibited,5,30,20,30,,,1,,35,,,No,No,N/A,N/A,N/A,N/A,N/A,N/A,N/A,N/A,N/A,N/A,N/A,N/A,N/A,No,No,N/A,N/A,N/A,N/A,N/A,N/A,N/A,N/A,N/A,No,No,N/A,N/A,N/A,N/A,N/A,No,No,N/A,N/A,N/A,N/A,N/A,N/A,N/A,N/A,N/A,No,No,N/A,N/A,N/A,N/A,N/A,N/A,Prohibited,N/A,N/A,N/A,N/A,N/A,N/A,No,No,N/A,N/A,N/A,,,,,,,,,,,,,,,,,,
HI,Hawaii,Hawaii,A-80a,Agricultural District - minimum 80 acres,Yes,,No,Mixed with Residential,No,No,Allowed/Conditional,Prohibited,Prohibited,Prohibited,5,30,20,30,,,1,,35,,,No,No,N/A,N/A,N/A,N/A,N/A,N/A,N/A,N/A,N/A,N/A,N/A,N/A,N/A,No,No,N/A,N/A,N/A,N/A,N/A,N/A,N/A,N/A,N/A,No,No,N/A,N/A,N/A,N/A,N/A,No,No,N/A,N/A,N/A,N/A,N/A,N/A,N/A,N/A,N/A,No,No,N/A,N/A,N/A,N/A,N/A,N/A,Prohibited,N/A,N/A,N/A,N/A,N/A,N/A,No,No,N/A,N/A,N/A,,,,,,,,,,,,,,,,,,
HI,Hawaii,Hawaii,A-8a,Agricultural District - minimum 8 acres,Yes,,No,Mixed with Residential,No,No,Allowed/Conditional,Prohibited,Prohibited,Prohibited,5,30,20,30,,,1,,35,,,No,No,N/A,N/A,N/A,N/A,N/A,N/A,N/A,N/A,N/A,N/A,N/A,N/A,N/A,No,No,N/A,N/A,N/A,N/A,N/A,N/A,N/A,N/A,N/A,No,No,N/A,N/A,N/A,N/A,N/A,No,No,N/A,N/A,N/A,N/A,N/A,N/A,N/A,N/A,N/A,No,No,N/A,N/A,N/A,N/A,N/A,N/A,Prohibited,N/A,N/A,N/A,N/A,N/A,N/A,No,No,N/A,N/A,N/A,,,,,,,,,,,,,,,,,,
HI,Hawaii,Hawaii,A-900a,Agricultural District - minimum 900 acres,Yes,,No,Mixed with Residential,No,No,Allowed/Conditional,Prohibited,Prohibited,Prohibited,5,30,20,30,,,1,,35,,,No,No,N/A,N/A,N/A,N/A,N/A,N/A,N/A,N/A,N/A,N/A,N/A,N/A,N/A,No,No,N/A,N/A,N/A,N/A,N/A,N/A,N/A,N/A,N/A,No,No,N/A,N/A,N/A,N/A,N/A,No,No,N/A,N/A,N/A,N/A,N/A,N/A,N/A,N/A,N/A,No,No,N/A,N/A,N/A,N/A,N/A,N/A,Prohibited,N/A,N/A,N/A,N/A,N/A,N/A,No,No,N/A,N/A,N/A,,,,,,,,,,,,,,,,,,
HI,Hawaii,Hawaii,APD,Agricultural Project Districts,,,,Mixed with Residential,No,No,,,,,5,,,,,,,,,,,,,,,,,,,,,,,,,,,,,,,,,,,,,,,,,,,,,,,,,,,,,,,,,,,,,,,,,,,,,,,,,,,,,,,,,,,,,,,,,,,,
HI,Hawaii,Hawaii,CDH,Downtown Hilo Commercial District,,,,Mixed with Residential,No,No,Allowed/Conditional,Allowed/Conditional,Allowed/Conditional,Allowed/Conditional,,,,,,,,,120,,,,,,,,,,,,,,,,,,,,,,,,,,,,,,,,,,,,,,,,,,,,,,,,,,,,,,,,,,,,,,,,,,,,,,,,,,,,,,,,,,,,
HI,Hawaii,Hawaii,CG-10,"General Commercial - 10,000 square feet",Yes,No,No,Mixed with Residential,No,No,Allowed/Conditional,Allowed/Conditional,Allowed/Conditional,Allowed/Conditional,,,,,,,,,,,,,,,,,,,,,,,,,,,,,,,,,,,,,,,,,,,,,,,,,,,,,,,,,,,,,,,,,,,,,,,,,,,,,,,,,,,,,,,,,,,,,
HI,Hawaii,Hawaii,CG-20,"General Commercial - 20,000 square feet",Yes,No,No,Mixed with Residential,No,No,Allowed/Conditional,Allowed/Conditional,Allowed/Conditional,Allowed/Conditional,,,,,,,,,,,,,,,,,,,,,,,,,,,,,,,,,,,,,,,,,,,,,,,,,,,,,,,,,,,,,,,,,,,,,,,,,,,,,,,,,,,,,,,,,,,,,
HI,Hawaii,Hawaii,CG-7.5,"General Commercial - 7,500 square feet",Yes,No,No,Mixed with Residential,No,No,Allowed/Conditional,Allowed/Conditional,Allowed/Conditional,Allowed/Conditional,,,,,,,,,,,,,,,,,,,,,,,,,,,,,,,,,,,,,,,,,,,,,,,,,,,,,,,,,,,,,,,,,,,,,,,,,,,,,,,,,,,,,,,,,,,,,
HI,Hawaii,Hawaii,CN-10,"Neighborhood Commercial - 10,000 square feet",Yes,No,No,Mixed with Residential,No,No,Allowed/Conditional,Allowed/Conditional,Allowed/Conditional,Allowed/Conditional,,,,,,,,,,,,,,,,,,,,,,,,,,,,,,,,,,,,,,,,,,,,,,,,,,,,,,,,,,,,,,,,,,,,,,,,,,,,,,,,,,,,,,,,,,,,,
HI,Hawaii,Hawaii,CN-20,"Neighborhood Commercial - 20,000 square feet",Yes,No,No,Mixed with Residential,No,No,Allowed/Conditional,Allowed/Conditional,Allowed/Conditional,Allowed/Conditional,,,,,,,,,,,,,,,,,,,,,,,,,,,,,,,,,,,,,,,,,,,,,,,,,,,,,,,,,,,,,,,,,,,,,,,,,,,,,,,,,,,,,,,,,,,,,
HI,Hawaii,Hawaii,CN-40,"Neighborhood Commercial - 40,000 square feet",Yes,No,No,Mixed with Residential,No,No,Allowed/Conditional,Allowed/Conditional,Allowed/Conditional,Allowed/Conditional,,,,,,,,,,,,,,,,,,,,,,,,,,,,,,,,,,,,,,,,,,,,,,,,,,,,,,,,,,,,,,,,,,,,,,,,,,,,,,,,,,,,,,,,,,,,,
HI,Hawaii,Hawaii,CN-7.5,"Neighborhood Commercial - 7,500 square feet",Yes,No,No,Mixed with Residential,No,No,Allowed/Conditional,Allowed/Conditional,Allowed/Conditional,Allowed/Conditional,,,,,,,,,,,,,,,,,,,,,,,,,,,,,,,,,,,,,,,,,,,,,,,,,,,,,,,,,,,,,,,,,,,,,,,,,,,,,,,,,,,,,,,,,,,,,
HI,Hawaii,Hawaii,CV-10,"Village Commercial - 10,000 square feet",Yes,No,No,Mixed with Residential,No,No,Allowed/Conditional,Allowed/Conditional,Allowed/Conditional,Allowed/Conditional,,,,,,,,,,,,,,,,,,,,,,,,,,,,,,,,,,,,,,,,,,,,,,,,,,,,,,,,,,,,,,,,,,,,,,,,,,,,,,,,,,,,,,,,,,,,,
HI,Hawaii,Hawaii,CV-15,"Village Commercial - 15,000 square feet",Yes,No,No,Mixed with Residential,No,No,Allowed/Conditional,Allowed/Conditional,Allowed/Conditional,Allowed/Conditional,,,,,,,,,,,,,,,,,,,,,,,,,,,,,,,,,,,,,,,,,,,,,,,,,,,,,,,,,,,,,,,,,,,,,,,,,,,,,,,,,,,,,,,,,,,,,
HI,Hawaii,Hawaii,CV-1a,"Village Commercial - 1,000 square feet",Yes,No,No,Mixed with Residential,No,No,Allowed/Conditional,Allowed/Conditional,Allowed/Conditional,Allowed/Conditional,,,,,,,,,,,,,,,,,,,,,,,,,,,,,,,,,,,,,,,,,,,,,,,,,,,,,,,,,,,,,,,,,,,,,,,,,,,,,,,,,,,,,,,,,,,,,
HI,Hawaii,Hawaii,CV-20,"Village Commercial - 20,000 square feet",Yes,No,No,Mixed with Residential,No,No,Allowed/Conditional,Allowed/Conditional,Allowed/Conditional,Allowed/Conditional,,,,,,,,,,,,,,,,,,,,,,,,,,,,,,,,,,,,,,,,,,,,,,,,,,,,,,,,,,,,,,,,,,,,,,,,,,,,,,,,,,,,,,,,,,,,,
HI,Hawaii,Hawaii,CV-38,"Village Commercial - 38,000 square feet",Yes,No,No,Mixed with Residential,No,No,Allowed/Conditional,Allowed/Conditional,Allowed/Conditional,Allowed/Conditional,,,,,,,,,,,,,,,,,,,,,,,,,,,,,,,,,,,,,,,,,,,,,,,,,,,,,,,,,,,,,,,,,,,,,,,,,,,,,,,,,,,,,,,,,,,,,
HI,Hawaii,Hawaii,CV-40,"Village Commercial - 40,000 square feet",Yes,No,No,Mixed with Residential,No,No,Allowed/Conditional,Allowed/Conditional,Allowed/Conditional,Allowed/Conditional,,,,,,,,,,,,,,,,,,,,,,,,,,,,,,,,,,,,,,,,,,,,,,,,,,,,,,,,,,,,,,,,,,,,,,,,,,,,,,,,,,,,,,,,,,,,,
HI,Hawaii,Hawaii,CV-7.5,"Village Commercial - 7,500 square feet",Yes,No,No,Mixed with Residential,No,No,Allowed/Conditional,Allowed/Conditional,Allowed/Conditional,Allowed/Conditional,,,,,,,,,,,,,,,,,,,,,,,,,,,,,,,,,,,,,,,,,,,,,,,,,,,,,,,,,,,,,,,,,,,,,,,,,,,,,,,,,,,,,,,,,,,,,
HI,Hawaii,Hawaii,FA-1a,Family Agricultural District - minimum 1 acre,Yes,,No,Mixed with Residential,No,,Allowed/Conditional,,,,1,,,,,,,,,,,,,,,,,,,,,,,,,,,,,,,,,,,,,,,,,,,,,,,,,,,,,,,,,,,,,,,,,,,,,,,,,,,,,,,,,,,,,,,,,,,,
HI,Hawaii,Hawaii,FA-2a,Family Agricultural District - minimum 2 acres,Yes,,No,Mixed with Residential,No,,Allowed/Conditional,,,,1,,,,,,,,,,,,,,,,,,,,,,,,,,,,,,,,,,,,,,,,,,,,,,,,,,,,,,,,,,,,,,,,,,,,,,,,,,,,,,,,,,,,,,,,,,,,
HI,Hawaii,Hawaii,FA-3a,Family Agricultural District - minimum 3 acres,Yes,,No,Mixed with Residential,No,,Allowed/Conditional,,,,1,,,,,,,,,,,,,,,,,,,,,,,,,,,,,,,,,,,,,,,,,,,,,,,,,,,,,,,,,,,,,,,,,,,,,,,,,,,,,,,,,,,,,,,,,,,,
HI,Hawaii,Hawaii,FA-5a,Family Agricultural District - minimum 5 acres,Yes,,No,Mixed with Residential,No,,Allowed/Conditional,,,,1,,,,,,,,,,,,,,,,,,,,,,,,,,,,,,,,,,,,,,,,,,,,,,,,,,,,,,,,,,,,,,,,,,,,,,,,,,,,,,,,,,,,,,,,,,,,
HI,Hawaii,Hawaii,FR,Forest Reserve,,,No,,No,,,,,,,,,,,,,,,,,,,,,,,,,,,,,,,,,,,,,,,,,,,,,,,,,,,,,,,,,,,,,,,,,,,,,,,,,,,,,,,,,,,,,,,,,,,,,,,,,,
HI,Hawaii,Hawaii,MCX-10,"Industrial-Commercial Mixed Use - 10,000 square feet",Yes,No,No,Nonresidential,No,,Prohibited,Prohibited,,,,,,,,,,,,,,,,,,,,,,,,,,,,,,,,,,,,,,,,,,,,,,,,,,,,,,,,,,,,,,,,,,Prohibited,,,,,,,,,,,,,,,,,,,,,,,,,,,,,
HI,Hawaii,Hawaii,MCX-1a,"Industrial-Commercial Mixed Use - 1,000 square feet",Yes,No,No,Nonresidential,No,,Prohibited,Prohibited,,,,,,,,,,,,,,,,,,,,,,,,,,,,,,,,,,,,,,,,,,,,,,,,,,,,,,,,,,,,,,,,,,Prohibited,,,,,,,,,,,,,,,,,,,,,,,,,,,,,
HI,Hawaii,Hawaii,MCX-20,"Industrial-Commercial Mixed Use - 20,000 square feet",Yes,No,No,Nonresidential,No,,Prohibited,Prohibited,Prohibited,Prohibited,,,,,,,,,,,,,,,,,,,,,,,,,,,,,,,,,,,,,,,,,,,,,,,,,,,,,,,,,,,,,,,,Prohibited,,,,,,,,,,,,,,,,,,,,,,,,,,,,,
HI,Hawaii,Hawaii,MCX-3a,"Industrial-Commercial Mixed Use - 3,000 square feet",Yes,No,No,Nonresidential,No,,Prohibited,Prohibited,Prohibited,Prohibited,,,,,,,,,,,,,,,,,,,,,,,,,,,,,,,,,,,,,,,,,,,,,,,,,,,,,,,,,,,,,,,,Prohibited,,,,,,,,,,,,,,,,,,,,,,,,,,,,,
HI,Hawaii,Hawaii,MG-10a,General Industrial - 10 acres,Yes,No,No,Nonresidential,No,,Prohibited,Prohibited,Prohibited,Prohibited,,,,,,,,,,,,,,,,,,,,,,,,,,,,,,,,,,,,,,,,,,,,,,,,,,,,,,,,,,,,,,,,Prohibited,,,,,,,,,,,,,,,,,,,,,,,,,,,,,
HI,Hawaii,Hawaii,MG-15a,General Industrial - 15 acres,Yes,No,No,Nonresidential,No,,Prohibited,Prohibited,Prohibited,Prohibited,,,,,,,,,,,,,,,,,,,,,,,,,,,,,,,,,,,,,,,,,,,,,,,,,,,,,,,,,,,,,,,,Prohibited,,,,,,,,,,,,,,,,,,,,,,,,,,,,,
HI,Hawaii,Hawaii,MG-1a,General Industrial - 1 acres,Yes,No,No,Nonresidential,No,,Prohibited,Prohibited,Prohibited,Prohibited,,,,,,,,,,,,,,,,,,,,,,,,,,,,,,,,,,,,,,,,,,,,,,,,,,,,,,,,,,,,,,,,Prohibited,,,,,,,,,,,,,,,,,,,,,,,,,,,,,
HI,Hawaii,Hawaii,MG-20,"General Industrial - 20,000 square feet",Yes,No,No,Nonresidential,No,,Prohibited,Prohibited,Prohibited,Prohibited,,,,,,,,,,,,,,,,,,,,,,,,,,,,,,,,,,,,,,,,,,,,,,,,,,,,,,,,,,,,,,,,Prohibited,,,,,,,,,,,,,,,,,,,,,,,,,,,,,
HI,Hawaii,Hawaii,MG-3a,General Industrial - 3 acres,Yes,No,No,Nonresidential,No,,Prohibited,Prohibited,Prohibited,Prohibited,,,,,,,,,,,,,,,,,,,,,,,,,,,,,,,,,,,,,,,,,,,,,,,,,,,,,,,,,,,,,,,,Prohibited,,,,,,,,,,,,,,,,,,,,,,,,,,,,,
HI,Hawaii,Hawaii,MG-5a,General Industrial - 5 acres,Yes,No,No,Nonresidential,No,,Prohibited,Prohibited,Prohibited,Prohibited,,,,,,,,,,,,,,,,,,,,,,,,,,,,,,,,,,,,,,,,,,,,,,,,,,,,,,,,,,,,,,,,Prohibited,,,,,,,,,,,,,,,,,,,,,,,,,,,,,
HI,Hawaii,Hawaii,ML-10,"Limited Industrial - 10,000 square feet",Yes,No,No,Nonresidential,No,,Prohibited,Prohibited,Prohibited,Prohibited,,,,,,,,,,,,,,,,,,,,,,,,,,,,,,,,,,,,,,,,,,,,,,,,,,,,,,,,,,,,,,,,Prohibited,,,,,,,,,,,,,,,,,,,,,,,,,,,,,
HI,Hawaii,Hawaii,ML-1a,"Limited Industrial - 1,000 square feet",Yes,No,No,Nonresidential,No,,Prohibited,Prohibited,Prohibited,Prohibited,,,,,,,,,,,,,,,,,,,,,,,,,,,,,,,,,,,,,,,,,,,,,,,,,,,,,,,,,,,,,,,,Prohibited,,,,,,,,,,,,,,,,,,,,,,,,,,,,,
HI,Hawaii,Hawaii,ML-20,"Limited Industrial - 20,000 square feet",Yes,No,No,Nonresidential,No,,Prohibited,Prohibited,Prohibited,Prohibited,,,,,,,,,,,,,,,,,,,,,,,,,,,,,,,,,,,,,,,,,,,,,,,,,,,,,,,,,,,,,,,,Prohibited,,,,,,,,,,,,,,,,,,,,,,,,,,,,,
HI,Hawaii,Hawaii,ML-3a,"Limited Industrial - 3,000 square feet",Yes,No,No,Nonresidential,No,,Prohibited,Prohibited,Prohibited,Prohibited,,,,,,,,,,,,,,,,,,,,,,,,,,,,,,,,,,,,,,,,,,,,,,,,,,,,,,,,,,,,,,,,Prohibited,,,,,,,,,,,,,,,,,,,,,,,,,,,,,
HI,Hawaii,Hawaii,NP,National Park,,,No,,No,No,Prohibited,Prohibited,Prohibited,Prohibited,,,,,,,,,,,,,,,,,,,,,,,,,,,,,,,,,,,,,,,,,,,,,,,,,,,,,,,,,,,,,,,,,,,,,,,,,,,,,,,,,,,,,,,,,,,,,
HI,Hawaii,Hawaii,OPEN,Open District,,,No,Nonresidential,No,,Prohibited,Prohibited,Prohibited,Prohibited,,,,,,,,,,,,,,,,,,,,,,,,,,,,,,,,,,,,,,,,,,,,,,,,,,,,,,,,,,,,,,,,Prohibited,,,,,,,,,,,,,,,,,,,,,,,,,,,,,
HI,Hawaii,Hawaii,PD,Project District,,,No,Primarily Residential,No,,Allowed/Conditional,Allowed/Conditional,Allowed/Conditional,Allowed/Conditional,,,,,,,,,,,,,,,,,,,,,,,,,,,,,,,,,,,,,,,,,,,,,,,,,,,,,,,,,,,,,,,,,,,,,,,,,,,,,,,,,,,,,,,,,,,,,
HI,Hawaii,Hawaii,RA-.5a,Residential & Agricultural - Minimum 0.5 acres,Yes,No,No,Mixed with Residential,No,No,Allowed/Conditional,Prohibited,Prohibited,Prohibited,0.5,25 ft ,15 ft,25 ft,,,NONE,NONE,35,,NONE,N/A,N/A,N/A,N/A,N/A,N/A,N/A,N/A,N/A,N/A,N/A,N/A,N/A,N/A,N/A,N/A,N/A,N/A,N/A,N/A,N/A,N/A,N/A,N/A,N/A,N/A,N/A,N/A,N/A,N/A,N/A,N/A,N/A,N/A,N/A,N/A,N/A,N/A,N/A,N/A,N/A,N/A,N/A,N/A,N/A,N/A,N/A,N/A,N/A,N/A,N/A,N/A,N/A,N/A,N/A,N/A,N/A,N/A,N/A,N/A,N/A,N/A,N/A,N/A,N/A,N/A,N/A,N/A,N/A,N/A,N/A,N/A,N/A,N/A,N/A,N/A,N/A,N/A,N/A,N/A,,
HI,Hawaii,Hawaii,RA-1.5a,Residential & Agricultural - Minimum 1.5 acres,Yes,No,No,Mixed with Residential,No,No,Allowed/Conditional,Prohibited,Prohibited,Prohibited,1.5,25 ft ,15 ft,25 ft,,,NONE,NONE,35,,NONE,N/A,N/A,N/A,N/A,N/A,N/A,N/A,N/A,N/A,N/A,N/A,N/A,N/A,N/A,N/A,N/A,N/A,N/A,N/A,N/A,N/A,N/A,N/A,N/A,N/A,N/A,N/A,N/A,N/A,N/A,N/A,N/A,N/A,N/A,N/A,N/A,N/A,N/A,N/A,N/A,N/A,N/A,N/A,N/A,N/A,N/A,N/A,N/A,N/A,N/A,N/A,N/A,N/A,N/A,N/A,N/A,N/A,N/A,N/A,N/A,N/A,N/A,N/A,N/A,N/A,N/A,N/A,N/A,N/A,N/A,N/A,N/A,N/A,N/A,N/A,N/A,N/A,N/A,N/A,N/A,,
HI,Hawaii,Hawaii,RA-1a,Residential & Agricultural - Minimum 1 acre,Yes,No,No,Mixed with Residential,No,No,Allowed/Conditional,Prohibited,Prohibited,Prohibited,1,25 ft ,15 ft,25 ft,,,NONE,NONE,35,,NONE,N/A,N/A,N/A,N/A,N/A,N/A,N/A,N/A,N/A,N/A,N/A,N/A,N/A,N/A,N/A,N/A,N/A,N/A,N/A,N/A,N/A,N/A,N/A,N/A,N/A,N/A,N/A,N/A,N/A,N/A,N/A,N/A,N/A,N/A,N/A,N/A,N/A,N/A,N/A,N/A,N/A,N/A,N/A,N/A,N/A,N/A,N/A,N/A,N/A,N/A,N/A,N/A,N/A,N/A,N/A,N/A,N/A,N/A,N/A,N/A,N/A,N/A,N/A,N/A,N/A,N/A,N/A,N/A,N/A,N/A,N/A,N/A,N/A,N/A,N/A,N/A,N/A,N/A,N/A,N/A,,
HI,Hawaii,Hawaii,RA-2a,Residential & Agricultural - Minimum 2 acres,Yes,No,No,Mixed with Residential,No,No,Allowed/Conditional,Prohibited,Prohibited,Prohibited,2,25 ft ,15 ft,25 ft,,,NONE,NONE,35,,NONE,N/A,N/A,N/A,N/A,N/A,N/A,N/A,N/A,N/A,N/A,N/A,N/A,N/A,N/A,N/A,N/A,N/A,N/A,N/A,N/A,N/A,N/A,N/A,N/A,N/A,N/A,N/A,N/A,N/A,N/A,N/A,N/A,N/A,N/A,N/A,N/A,N/A,N/A,N/A,N/A,N/A,N/A,N/A,N/A,N/A,N/A,N/A,N/A,N/A,N/A,N/A,N/A,N/A,N/A,N/A,N/A,N/A,N/A,N/A,N/A,N/A,N/A,N/A,N/A,N/A,N/A,N/A,N/A,N/A,N/A,N/A,N/A,N/A,N/A,N/A,N/A,N/A,N/A,N/A,N/A,,
HI,Hawaii,Hawaii,RCX-10,Residential-Commercial Mixed Use Districts ,,,No,Mixed with Residential,No,No,Allowed/Conditional,Allowed/Conditional,Allowed/Conditional,Allowed/Conditional,0.17,20 ft,8 ft,20 ft,,,NONE,,45,,750,,,,,,,,,,,,,,,,,,,,,,,,,,,,,,,,,,,,,,,,,,,,,,,,,,,,,,,,,,,,,,,,,,,,,,,,,,,,,,,,,,
HI,Hawaii,Hawaii,RCX-2,Residential-Commercial Mixed Use Districts,,,No,Mixed with Residential,,,Allowed/Conditional,Allowed/Conditional,Allowed/Conditional,Allowed/Conditional,0.17,,,,,,,,,,,,,,,,,,,,,,,,,,,,,,,,,,,,,,,,,,,,,,,,,,,,,,,,,,,,,,,,,,,,,,,,,,,,,,,,,,,,,,,,,,,,
HI,Hawaii,Hawaii,RCX-20,Residential-Commercial Mixed Use Districts,,,No,Mixed with Residential,,,Allowed/Conditional,Allowed/Conditional,Allowed/Conditional,Allowed/Conditional,0.17,,,,,,,,,,,,,,,,,,,,,,,,,,,,,,,,,,,,,,,,,,,,,,,,,,,,,,,,,,,,,,,,,,,,,,,,,,,,,,,,,,,,,,,,,,,,
HI,Hawaii,Hawaii,RD-3.75,Double-Family Residential Districts ,,,No,Primarily Residential,,,Allowed/Conditional,Allowed/Conditional,Prohibited,Prohibited,,,,,,,,,,,,,,,,,,,,,,,,,,,,,,,,,,,,,,,,,,,,,,,,,,,,,,,,,,,,,,,,,,,,,,,,,,,,,,,,,,,,,,,,,,,,,
HI,Hawaii,Hawaii,RM-.75,Multiple-Family Residential - 750 square feet,Yes,No,No,Primarily Residential,No,No,Allowed/Conditional,Allowed/Conditional,Allowed/Conditional,Allowed/Conditional,0.17,,,,NONE,NONE,1,,,,,,,,,,,,,,,,,,,,,,,,,,,,,,,,,,,,,,,,,,,,,,,,,,,,,,,,,,,,,,,,,,,,,,,,,,,,,,,,,,,,,"Section 25-5-33, Hilo=125ft",
HI,Hawaii,Hawaii,RM-1,"Multiple-Family Residential - 1,000 square feet",Yes,No,No,Primarily Residential,,,Allowed/Conditional,Allowed/Conditional,Allowed/Conditional,Allowed/Conditional,0.17,,,,,,1,,,,,,,,,,,,,,,,,,,,,,,,,,,,,,,,,,,,,,,,,,,,,,,,,,,,,,,,,,,,,,,,,,,,,,,,,,,,,,,,,,,,,"Section 25-5-33, Hilo=125ft",
HI,Hawaii,Hawaii,RM-1.25,"Multiple-Family Residential - 1,250 square feet",Yes,No,No,Primarily Residential,,,Allowed/Conditional,Allowed/Conditional,Allowed/Conditional,Allowed/Conditional,0.17,,,,,,1,,,,,,,,,,,,,,,,,,,,,,,,,,,,,,,,,,,,,,,,,,,,,,,,,,,,,,,,,,,,,,,,,,,,,,,,,,,,,,,,,,,,,"Section 25-5-33, Hilo=125ft",
HI,Hawaii,Hawaii,RM-1.5,"Multiple-Family Residential - 1,500 square feet",Yes,No,No,Primarily Residential,,,Allowed/Conditional,Allowed/Conditional,Allowed/Conditional,Allowed/Conditional,0.17,,,,,,1,,,,,,,,,,,,,,,,,,,,,,,,,,,,,,,,,,,,,,,,,,,,,,,,,,,,,,,,,,,,,,,,,,,,,,,,,,,,,,,,,,,,,"Section 25-5-33, Hilo=125ft",
HI,Hawaii,Hawaii,RM-10,"Multiple-Family Residential - 10,000 square feet",Yes,No,No,Primarily Residential,,,Allowed/Conditional,Allowed/Conditional,Allowed/Conditional,Allowed/Conditional,0.17,,,,,,1,,,,,,,,,,,,,,,,,,,,,,,,,,,,,,,,,,,,,,,,,,,,,,,,,,,,,,,,,,,,,,,,,,,,,,,,,,,,,,,,,,,,,"Section 25-5-33, Hilo=125ft",
HI,Hawaii,Hawaii,RM-14.5,"Multiple-Family Residential - 14,500 square feet",Yes,No,No,Primarily Residential,,,Allowed/Conditional,Allowed/Conditional,Allowed/Conditional,Allowed/Conditional,0.17,,,,,,1,,,,,,,,,,,,,,,,,,,,,,,,,,,,,,,,,,,,,,,,,,,,,,,,,,,,,,,,,,,,,,,,,,,,,,,,,,,,,,,,,,,,,"Section 25-5-33, Hilo=125ft",
HI,Hawaii,Hawaii,RM-15,"Multiple-Family Residential - 15,000 square feet",Yes,No,No,Primarily Residential,,,Allowed/Conditional,Allowed/Conditional,Allowed/Conditional,Allowed/Conditional,0.17,,,,,,1,,,,,,,,,,,,,,,,,,,,,,,,,,,,,,,,,,,,,,,,,,,,,,,,,,,,,,,,,,,,,,,,,,,,,,,,,,,,,,,,,,,,,"Section 25-5-33, Hilo=125ft",
HI,Hawaii,Hawaii,RM-2,"Multiple-Family Residential - 2,000 square feet",Yes,No,No,Primarily Residential,,,Allowed/Conditional,Allowed/Conditional,Allowed/Conditional,Allowed/Conditional,0.17,,,,,,1,,,,,,,,,,,,,,,,,,,,,,,,,,,,,,,,,,,,,,,,,,,,,,,,,,,,,,,,,,,,,,,,,,,,,,,,,,,,,,,,,,,,,"Section 25-5-33, Hilo=125ft",
HI,Hawaii,Hawaii,RM-2.5,"Multiple-Family Residential - 2,500 square feet",Yes,No,No,Primarily Residential,,,Allowed/Conditional,Allowed/Conditional,Allowed/Conditional,Allowed/Conditional,0.17,,,,,,1,,,,,,,,,,,,,,,,,,,,,,,,,,,,,,,,,,,,,,,,,,,,,,,,,,,,,,,,,,,,,,,,,,,,,,,,,,,,,,,,,,,,,"Section 25-5-33, Hilo=125ft",
HI,Hawaii,Hawaii,RM-20,"Multiple-Family Residential - 20,000 square feet",Yes,No,No,Primarily Residential,,,Allowed/Conditional,Allowed/Conditional,Allowed/Conditional,Allowed/Conditional,0.17,,,,,,1,,,,,,,,,,,,,,,,,,,,,,,,,,,,,,,,,,,,,,,,,,,,,,,,,,,,,,,,,,,,,,,,,,,,,,,,,,,,,,,,,,,,,"Section 25-5-33, Hilo=125ft",
HI,Hawaii,Hawaii,RM-3,"Multiple-Family Residential - 3,000 square feet",Yes,No,No,Primarily Residential,,,Allowed/Conditional,Allowed/Conditional,Allowed/Conditional,Allowed/Conditional,0.17,,,,,,1,,,,,,,,,,,,,,,,,,,,,,,,,,,,,,,,,,,,,,,,,,,,,,,,,,,,,,,,,,,,,,,,,,,,,,,,,,,,,,,,,,,,,"Section 25-5-33, Hilo=125ft",
HI,Hawaii,Hawaii,RM-3.5,"Multiple-Family Residential - 3,500 square feet",Yes,No,No,Primarily Residential,,,Allowed/Conditional,Allowed/Conditional,Allowed/Conditional,Allowed/Conditional,0.17,,,,,,1,,,,,,,,,,,,,,,,,,,,,,,,,,,,,,,,,,,,,,,,,,,,,,,,,,,,,,,,,,,,,,,,,,,,,,,,,,,,,,,,,,,,,"Section 25-5-33, Hilo=125ft",
HI,Hawaii,Hawaii,RM-30,"Multiple-Family Residential - 30,000 square feet",Yes,No,No,Primarily Residential,,,Allowed/Conditional,Allowed/Conditional,Allowed/Conditional,Allowed/Conditional,0.17,,,,,,1,,,,,,,,,,,,,,,,,,,,,,,,,,,,,,,,,,,,,,,,,,,,,,,,,,,,,,,,,,,,,,,,,,,,,,,,,,,,,,,,,,,,,"Section 25-5-33, Hilo=125ft",
HI,Hawaii,Hawaii,RM-4,"Multiple-Family Residential - 4,000 square feet",Yes,No,No,Primarily Residential,,,Allowed/Conditional,Allowed/Conditional,Allowed/Conditional,Allowed/Conditional,0.17,,,,,,1,,,,,,,,,,,,,,,,,,,,,,,,,,,,,,,,,,,,,,,,,,,,,,,,,,,,,,,,,,,,,,,,,,,,,,,,,,,,,,,,,,,,,"Section 25-5-33, Hilo=125ft",
HI,Hawaii,Hawaii,RM-5,"Multiple-Family Residential - 5,000 square feet",Yes,No,No,Primarily Residential,,,Allowed/Conditional,Allowed/Conditional,Allowed/Conditional,Allowed/Conditional,0.17,,,,,,1,,,,,,,,,,,,,,,,,,,,,,,,,,,,,,,,,,,,,,,,,,,,,,,,,,,,,,,,,,,,,,,,,,,,,,,,,,,,,,,,,,,,,"Section 25-5-33, Hilo=125ft",
HI,Hawaii,Hawaii,RM-5.5,"Multiple-Family Residential - 5,500 square feet",Yes,No,No,Primarily Residential,,,Allowed/Conditional,Allowed/Conditional,Allowed/Conditional,Allowed/Conditional,0.17,,,,,,1,,,,,,,,,,,,,,,,,,,,,,,,,,,,,,,,,,,,,,,,,,,,,,,,,,,,,,,,,,,,,,,,,,,,,,,,,,,,,,,,,,,,,"Section 25-5-33, Hilo=125ft",
HI,Hawaii,Hawaii,RM-6,"Multiple-Family Residential - 6,000 square feet",Yes,No,No,Primarily Residential,,,Allowed/Conditional,Allowed/Conditional,Allowed/Conditional,Allowed/Conditional,0.17,,,,,,1,,,,,,,,,,,,,,,,,,,,,,,,,,,,,,,,,,,,,,,,,,,,,,,,,,,,,,,,,,,,,,,,,,,,,,,,,,,,,,,,,,,,,"Section 25-5-33, Hilo=125ft",
HI,Hawaii,Hawaii,RM-7,"Multiple-Family Residential - 7,000 square feet",Yes,No,No,Primarily Residential,,,Allowed/Conditional,Allowed/Conditional,Allowed/Conditional,Allowed/Conditional,0.17,,,,,,1,,,,,,,,,,,,,,,,,,,,,,,,,,,,,,,,,,,,,,,,,,,,,,,,,,,,,,,,,,,,,,,,,,,,,,,,,,,,,,,,,,,,,"Section 25-5-33, Hilo=125ft",
HI,Hawaii,Hawaii,RM-8,"Multiple-Family Residential - 8,000 square feet",Yes,No,No,Primarily Residential,,,Allowed/Conditional,Allowed/Conditional,Allowed/Conditional,Allowed/Conditional,0.17,,,,,,1,,,,,,,,,,,,,,,,,,,,,,,,,,,,,,,,,,,,,,,,,,,,,,,,,,,,,,,,,,,,,,,,,,,,,,,,,,,,,,,,,,,,,"Section 25-5-33, Hilo=125ft",
HI,Hawaii,Hawaii,RS-10,"Single-Family Residential - 10,000 square feet",Yes,No,No,Primarily Residential,,,Allowed/Conditional,Prohibited,Prohibited,Prohibited,0.17,,,,,,1,,35,,,,,,,,,,,,,,,,,,,,,,,,,,,,,,,,,,,,,,,,,,,,,,,,,,,,,,,,,,,,,,,,,,,,,,,,,,,,,,,,,,,,
HI,Hawaii,Hawaii,RS-10a,Single-Family Residential - 10 acres,Yes,No,No,Primarily Residential,,,Allowed/Conditional,Prohibited,Prohibited,Prohibited,0.17,,,,,,1,,35,,,,,,,,,,,,,,,,,,,,,,,,,,,,,,,,,,,,,,,,,,,,,,,,,,,,,,,,,,,,,,,,,,,,,,,,,,,,,,,,,,,,
HI,Hawaii,Hawaii,RS-15,"Single-Family Residential - 15,000 square feet",Yes,No,No,Primarily Residential,,,Allowed/Conditional,Prohibited,Prohibited,Prohibited,0.17,,,,,,1,,35,,,,,,,,,,,,,,,,,,,,,,,,,,,,,,,,,,,,,,,,,,,,,,,,,,,,,,,,,,,,,,,,,,,,,,,,,,,,,,,,,,,,
HI,Hawaii,Hawaii,RS-20,"Single-Family Residential - 20,000 squre feet",Yes,No,No,Primarily Residential,,,Allowed/Conditional,Prohibited,Prohibited,Prohibited,0.17,,,,,,1,,35,,,,,,,,,,,,,,,,,,,,,,,,,,,,,,,,,,,,,,,,,,,,,,,,,,,,,,,,,,,,,,,,,,,,,,,,,,,,,,,,,,,,
HI,Hawaii,Hawaii,RS-22,"Single-Family Residential - 22,000 square feet",Yes,No,No,Primarily Residential,,,Allowed/Conditional,Prohibited,Prohibited,Prohibited,0.17,,,,,,1,,35,,,,,,,,,,,,,,,,,,,,,,,,,,,,,,,,,,,,,,,,,,,,,,,,,,,,,,,,,,,,,,,,,,,,,,,,,,,,,,,,,,,,
HI,Hawaii,Hawaii,RS-40,"Single-Family Residential - 40,000 square feet",Yes,No,No,Primarily Residential,,,Allowed/Conditional,Prohibited,Prohibited,Prohibited,0.17,,,,,,1,,35,,,,,,,,,,,,,,,,,,,,,,,,,,,,,,,,,,,,,,,,,,,,,,,,,,,,,,,,,,,,,,,,,,,,,,,,,,,,,,,,,,,,
HI,Hawaii,Hawaii,RS-5a,Single-Family Residential - 5 acres,Yes,No,No,Primarily Residential,,,Allowed/Conditional,Prohibited,Prohibited,Prohibited,0.17,,,,,,1,,35,,,,,,,,,,,,,,,,,,,,,,,,,,,,,,,,,,,,,,,,,,,,,,,,,,,,,,,,,,,,,,,,,,,,,,,,,,,,,,,,,,,,
HI,Hawaii,Hawaii,RS-7.5,"Single-Family Residential - 7,500 squre feet",Yes,No,No,Primarily Residential,,,Allowed/Conditional,Prohibited,Prohibited,Prohibited,0.17,,,,,,1,,35,,,,,,,,,,,,,,,,,,,,,,,,,,,,,,,,,,,,,,,,,,,,,,,,,,,,,,,,,,,,,,,,,,,,,,,,,,,,,,,,,,,,
HI,Hawaii,Hawaii,UNV,University - 10 acres,Yes,No,No,Nonresidential,No,No,Prohibited,Prohibited,Prohibited,Prohibited,,,,,,,,,,,,,,,,,,,,,,,,,,,,,,,,,,,,,,,,,,,,,,,,,,,,,,,,,,,,,,,,Prohibited,,,,,,,,,,,,,,,,,,,,,,,,,,,,,
HI,Hawaii,Hawaii,V-.75,Resort-Hotel - 750 square feet,Yes,No,No,Nonresidential,No,No,Prohibited,Prohibited,Prohibited,Prohibited,,,,,,,,,45,,,,,,,,,,,,,,,,,,,,,,,,,,,,,,,,,,,,,,,,,,,,,,,,,,,,,,,Prohibited,,,,,,,,,,,,,,,,,,,,,,,,,,,,"Section 25-5-93: Hilo = 125ft, Keauhou Bay = 90ft,  Kahaluu Bay= 90ft",
HI,Hawaii,Hawaii,V-1,"Resort-Hotel - 1,000 square feet",Yes,No,No,Nonresidential,No,No,Prohibited,Prohibited,Prohibited,Prohibited,,,,,,,,,45,,,,,,,,,,,,,,,,,,,,,,,,,,,,,,,,,,,,,,,,,,,,,,,,,,,,,,,Prohibited,,,,,,,,,,,,,,,,,,,,,,,,,,,,"Section 25-5-93: Hilo = 125ft, Keauhou Bay = 90ft,  Kahaluu Bay= 90ft",
HI,Hawaii,Hawaii,V-1.0,"Resort-Hotel - 1,000 square feet",Yes,No,No,Nonresidential,No,No,Prohibited,Prohibited,Prohibited,Prohibited,,,,,,,,,45,,,,,,,,,,,,,,,,,,,,,,,,,,,,,,,,,,,,,,,,,,,,,,,,,,,,,,,Prohibited,,,,,,,,,,,,,,,,,,,,,,,,,,,,"Section 25-5-93: Hilo = 125ft, Keauhou Bay = 90ft,  Kahaluu Bay= 90ft",
HI,Hawaii,Hawaii,V-1.25,"Resort-Hotel - 1,250 square feet",Yes,No,No,Nonresidential,No,No,Prohibited,Prohibited,Prohibited,Prohibited,,,,,,,,,45,,,,,,,,,,,,,,,,,,,,,,,,,,,,,,,,,,,,,,,,,,,,,,,,,,,,,,,Prohibited,,,,,,,,,,,,,,,,,,,,,,,,,,,,"Section 25-5-93: Hilo = 125ft, Keauhou Bay = 90ft,  Kahaluu Bay= 90ft",
HI,Hawaii,Hawaii,V-1.5,"Resort-Hotel - 1,500 square feet",Yes,No,No,Nonresidential,No,No,Prohibited,Prohibited,Prohibited,Prohibited,,,,,,,,,45,,,,,,,,,,,,,,,,,,,,,,,,,,,,,,,,,,,,,,,,,,,,,,,,,,,,,,,Prohibited,,,,,,,,,,,,,,,,,,,,,,,,,,,,"Section 25-5-93: Hilo = 125ft, Keauhou Bay = 90ft,  Kahaluu Bay= 90ft",
HI,Hawaii,Hawaii,V-1.75,"Resort-Hotel - 1,750 square feet",Yes,No,No,Nonresidential,No,No,Prohibited,Prohibited,Prohibited,Prohibited,,,,,,,,,45,,,,,,,,,,,,,,,,,,,,,,,,,,,,,,,,,,,,,,,,,,,,,,,,,,,,,,,Prohibited,,,,,,,,,,,,,,,,,,,,,,,,,,,,"Section 25-5-93: Hilo = 125ft, Keauhou Bay = 90ft,  Kahaluu Bay= 90ft",
HI,Hawaii,Hawaii,V-2,"Resort-Hotel - 2,000 square feet",Yes,No,No,Nonresidential,No,No,Prohibited,Prohibited,Prohibited,Prohibited,,,,,,,,,45,,,,,,,,,,,,,,,,,,,,,,,,,,,,,,,,,,,,,,,,,,,,,,,,,,,,,,,Prohibited,,,,,,,,,,,,,,,,,,,,,,,,,,,,"Section 25-5-93: Hilo = 125ft, Keauhou Bay = 90ft,  Kahaluu Bay= 90ft",
HI,Hawaii,Hawaii,V-2.0,"Resort-Hotel - 2,000 square feet",Yes,No,No,Nonresidential,No,No,Prohibited,Prohibited,Prohibited,Prohibited,,,,,,,,,45,,,,,,,,,,,,,,,,,,,,,,,,,,,,,,,,,,,,,,,,,,,,,,,,,,,,,,,Prohibited,,,,,,,,,,,,,,,,,,,,,,,,,,,,"Section 25-5-93: Hilo = 125ft, Keauhou Bay = 90ft,  Kahaluu Bay= 90ft",
HI,Hawaii,Hawaii,V-2.25,"Resort-Hotel - 2,250 square feet",Yes,No,No,Nonresidential,No,No,Prohibited,Prohibited,Prohibited,Prohibited,,,,,,,,,45,,,,,,,,,,,,,,,,,,,,,,,,,,,,,,,,,,,,,,,,,,,,,,,,,,,,,,,Prohibited,,,,,,,,,,,,,,,,,,,,,,,,,,,,"Section 25-5-93: Hilo = 125ft, Keauhou Bay = 90ft,  Kahaluu Bay= 90ft",
HI,Hawaii,Hawaii,V-2a,"Resort-Hotel - 2,000 square feet",Yes,No,No,Nonresidential,No,No,Prohibited,Prohibited,Prohibited,Prohibited,,,,,,,,,45,,,,,,,,,,,,,,,,,,,,,,,,,,,,,,,,,,,,,,,,,,,,,,,,,,,,,,,Prohibited,,,,,,,,,,,,,,,,,,,,,,,,,,,,"Section 25-5-93: Hilo = 125ft, Keauhou Bay = 90ft,  Kahaluu Bay= 90ft",
HI,Hawaii,Hawaii,V-4,"Resort-Hotel - 4,000 square feet",Yes,No,No,Nonresidential,No,No,Prohibited,Prohibited,Prohibited,Prohibited,,,,,,,,,45,,,,,,,,,,,,,,,,,,,,,,,,,,,,,,,,,,,,,,,,,,,,,,,,,,,,,,,Prohibited,,,,,,,,,,,,,,,,,,,,,,,,,,,,"Section 25-5-93: Hilo = 125ft, Keauhou Bay = 90ft,  Kahaluu Bay= 90ft",
HI,Hawaii,Hawaii,V-7,"Resort-Hotel - 2,250 square feet",Yes,No,No,Nonresidential,No,No,Prohibited,Prohibited,Prohibited,Prohibited,,,,,,,,,45,,,,,,,,,,,,,,,,,,,,,,,,,,,,,,,,,,,,,,,,,,,,,,,,,,,,,,,Prohibited,,,,,,,,,,,,,,,,,,,,,,,,,,,,"Section 25-5-93: Hilo = 125ft, Keauhou Bay = 90ft,  Kahaluu Bay= 90ft",